word,valence,arousal,dominance
abacus,0.6,0.1,0.2
abandon,-0.6,0.15,-0.4
abandoned,-0.6333,0.3333,-0.1
abandonment,-0.4,0.425,-0.1
abbot,0.6,0.1,0.2
abduction,-0.3,0.3333,-0.3
aberration,-0.6,0.1,-0.4
abhor,-0.6,0.5,-0.1333
abhorrent,-0.6,0.5,-0.1333
abject,-0.6,0.1,-0.4
abnormal,-0.6,0.1,-0.4
abolish,-0.7,0.7,0.5
abominable,-0.55,0.4,-0.45
abomination,-0.6,0.5,-0.1333
abortion,-0.6,0.1333,-0.4
abortive,-0.7,-0.4,-0.3
abrupt,0.3,0.7,-0.1
abscess,-0.7,-0.4,-0.3
absence,-0.6,0.15,-0.4
absent,-0.7,-0.4,-0.3
absentee,-0.7,-0.4,-0.3
absolution,0.7,0.35,0.35
abundance,0.25,0.325,0.15
abundant,0.8,0.6,0.5
abuse,-0.625,0.275,-0.175
abysmal,-0.7,-0.4,-0.3
abyss,-0.6,0.15,-0.4
academic,0.6,0.1,0.2
accelerate,0.2,0.5,0.3
accident,-0.3,0.3333,-0.3
accidental,-0.1,0.7,-0.3
accidentally,0.3,0.7,-0.1
accolade,0.475,0.475,0.225
accompaniment,0.5333,0.4,0.3333
accomplish,0.8,0.6,0.5
accomplished,0.8,0.6,0.5
accord,0.6,0.1,0.2
account,0.6,0.1,0.2
accountability,0.6,0.1,0.2
accountable,0.6,0.1,0.2
accountant,0.6,0.1,0.2
accounts,0.6,0.1,0.2
accredited,0.6,0.1,0.2
accurate,0.6,0.1,0.2
accursed,-0.6333,0.3333,-0.1
accusation,-0.65,0.4,0.05
accused,-0.6,0.7,0.0
accuser,-0.6,0.7,0.0
accusing,-0.6,0.7,0.0
ache,-0.7,-0.4,-0.3
achieve,0.7,0.35,0.35
achievement,0.5333,0.4,0.3333
aching,-0.7,-0.4,-0.3
acquiring,0.2,0.5,0.3
acrobat,0.3,0.4667,0.0667
actionable,-0.65,0.4,0.05
adder,-0.625,0.275,-0.175
addresses,0.2,0.5,0.3
adhering,0.6,0.1,0.2
adjudicate,-0.5,0.7,-0.5
administrative,0.6,0.1,0.2
admirable,0.7,0.35,0.35
admiral,0.6,0.1,0.2
admiration,0.7,0.35,0.35
admire,0.6,0.1,0.2
admissible,0.6,0.1,0.2
admonition,-0.5,0.7,-0.5
adorable,0.8,0.6,0.5
adoration,0.7,0.35,0.35
adore,0.5333,0.4,0.3333
adrift,-0.3333,0.2667,-0.1667
adultery,-0.65,-0.15,-0.35
advance,0.2,0.625,0.05
advent,0.5333,0.4,0.3333
adventure,0.2,0.5,0.3
adversary,-0.7,0.7,0.5
adverse,-0.625,0.275,-0.175
adversity,-0.6333,0.3333,-0.1
advice,0.6,0.1,0.2
advisable,0.6,0.1,0.2
advise,0.6,0.1,0.2
advised,0.6,0.1,0.2
adviser,0.6,0.1,0.2
advocacy,0.225,0.475,0.375
advocate,0.6,0.1,0.2
aesthetics,0.8,0.6,0.5
affection,0.7,0.35,0.35
affirm,0.6,0.1,0.2
affirmatively,0.6,0.1,0.2
afflict,-0.6,0.15,-0.4
affliction,-0.6,0.1333,-0.4
affluence,0.8,0.6,0.5
affront,-0.44,0.36,-0.16
afraid,-0.5,0.7,-0.5
aftermath,-0.625,0.275,-0.175
aga,0.05,0.4,-0.15
aggravated,-0.7,0.7,0.5
aggravating,-0.7,0.15,0.1
aggravation,-0.65,0.4,0.05
aggression,-0.6,0.7,0.0
aggressive,-0.6,0.7,0.0
aggressor,-0.6,0.7,0.0
aghast,-0.2667,0.5,-0.3333
agitated,-0.7,0.7,0.5
agitation,-0.7,0.7,0.5
agonizing,-0.5,0.7,-0.5
agony,-0.6333,0.3333,-0.1
agreeable,0.6,0.1,0.2
agreed,0.6,0.1,0.2
agreeing,0.6,0.1,0.2
agreement,0.6,0.1,0.2
ail,-0.7,-0.4,-0.3
ailing,-0.6,0.15,-0.4
airport,0.2,0.5,0.3
airs,-0.6,0.1,-0.4
akin,0.6,0.1,0.2
alarm,-0.1,0.7,-0.3
alarming,-0.1,0.7,-0.3
alb,0.6,0.1,0.2
alcoholism,-0.625,0.275,-0.175
alertness,0.0,0.6333,-0.1
alerts,0.0,0.6333,-0.1
alien,-0.55,0.4,-0.45
alienate,-0.65,0.4,0.05
alienated,-0.7,-0.4,-0.3
alienation,-0.625,0.275,-0.175
alive,0.5333,0.4,0.3333
allegation,-0.7,0.7,0.5
allegiance,0.6,0.1,0.2
alliance,0.6,0.1,0.2
allied,0.6,0.1,0.2
allure,0.4333,0.6,0.2333
ally,0.6,0.1,0.2
aloha,0.5,0.55,0.4
altercation,-0.7,0.7,0.5
amaze,0.3,0.7,-0.1
amazingly,0.55,0.65,0.2
ambassador,0.6,0.1,0.2
ambition,0.5333,0.4,0.3333
ambulance,0.05,0.4,-0.15
ambush,-0.3,0.7,-0.0333
amen,0.7,0.35,0.35
amicable,0.8,0.6,0.5
ammonia,-0.6,0.1,-0.4
amnesty,0.8,0.6,0.5
amortization,0.6,0.1,0.2
amour,0.5333,0.4,0.3333
amphetamines,-0.6,0.1,-0.4
amuse,0.8,0.6,0.5
amused,0.8,0.6,0.5
amusement,0.8,0.6,0.5
amusing,0.8,0.6,0.5
anaconda,-0.55,0.4,-0.45
analyst,0.4,0.3,0.25
anarchism,-0.6,0.7,0.0
anarchist,-0.6,0.7,0.0
anarchy,-0.6,0.7,0.0
anathema,-0.625,0.275,-0.175
ancestral,0.6,0.1,0.2
anchorage,-0.7,-0.4,-0.3
angel,0.475,0.475,0.225
angelic,0.7,0.35,0.35
anger,-0.7,0.7,0.5
angina,-0.5,0.7,-0.5
angling,0.2,0.5,0.3
angry,-0.65,0.4,0.05
anguish,-0.6333,0.3333,-0.1
animated,0.8,0.6,0.5
animosity,-0.625,0.275,-0.175
animus,-0.7,0.7,0.5
annihilate,-0.6,0.7,0.0
annihilated,-0.6333,0.3333,-0.1
annihilation,-0.6333,0.3333,-0.1
announcement,0.2,0.5,0.3
annoy,-0.65,0.4,0.05
annoyance,-0.65,0.4,0.05
annoying,-0.7,0.7,0.5
annulment,-0.7,-0.4,-0.3
anomaly,-0.1,0.7,-0.3
answerable,0.6,0.1,0.2
antagonism,-0.7,0.7,0.5
antagonist,-0.7,0.7,0.5
antagonistic,-0.65,0.4,0.05
anthrax,-0.6,0.1333,-0.4
antichrist,-0.6,0.5,-0.1333
anticipation,0.2,0.5,0.3
anticipatory,0.2,0.5,0.3
antidote,0.4,0.3,0.25
antifungal,0.6,0.1,0.2
antipathy,-0.65,0.4,0.05
antiseptic,0.6,0.1,0.2
antisocial,-0.625,0.275,-0.175
antithesis,-0.7,0.7,0.5
anxiety,-0.425,0.375,0.0
anxious,-0.15,0.6,-0.1
apache,-0.5,0.7,-0.5
apathetic,-0.7,-0.4,-0.3
apathy,-0.7,-0.4,-0.3
aphid,-0.6,0.1,-0.4
apologetic,0.6,0.1,0.2
apologize,-0.05,-0.15,-0.05
apostle,0.6,0.1,0.2
apostolic,0.6,0.1,0.2
appalling,-0.55,0.4,-0.45
apparition,-0.1,0.7,-0.3
appeal,0.2,0.5,0.3
appendicitis,-0.6,0.15,-0.4
applause,0.5667,0.4667,0.2
applicant,0.2,0.5,0.3
appreciation,0.7,0.35,0.35
apprehend,-0.5,0.7,-0.5
apprehension,-0.5,0.7,-0.5
apprehensive,-0.15,0.6,-0.1
apprentice,0.6,0.1,0.2
approaching,0.2,0.5,0.3
approbation,0.6,0.1,0.2
approve,0.7,0.35,0.35
arbiter,0.6,0.1,0.2
arbitration,0.2,0.5,0.3
arbitrator,0.6,0.1,0.2
archaeology,0.2,0.5,0.3
architecture,0.6,0.1,0.2
ardent,0.5,0.55,0.4
argue,-0.7,0.7,0.5
argument,-0.7,0.7,0.5
argumentation,-0.7,0.7,0.5
arguments,-0.7,0.7,0.5
arid,-0.7,-0.4,-0.3
armament,-0.6,0.7,0.0
armaments,-0.5,0.7,-0.5
armed,-0.6,0.7,0.0
armor,0.05,0.4,-0.15
armored,-0.5,0.7,-0.5
armory,0.6,0.1,0.2
arouse,0.2,0.5,0.3
arraignment,-0.6333,0.3333,-0.1
arrival,0.2,0.5,0.3
arrive,0.2,0.5,0.3
arrogant,-0.65,0.4,0.05
arsenic,-0.6,0.1333,-0.4
arson,-0.6,0.7,0.0
art,0.15,0.35,0.1
artillery,-0.5,0.7,-0.5
ashamed,-0.65,-0.15,-0.35
ashes,-0.7,-0.4,-0.3
asp,-0.5,0.7,-0.5
aspiration,0.475,0.475,0.225
aspire,0.5,0.55,0.4
aspiring,0.5333,0.4,0.3333
assail,-0.3,0.7,-0.0333
assailant,-0.6333,0.3333,-0.1
assassin,-0.6333,0.3333,-0.1
assassinate,-0.6,0.7,0.0
assassination,-0.6333,0.3333,-0.1
assault,-0.6,0.7,0.0
assembly,0.6,0.1,0.2
asserting,0.6,0.1,0.2
assessment,0.45,0.4,0.05
assessor,0.6,0.1,0.2
asshole,-0.65,0.4,0.05
assignee,0.6,0.1,0.2
assist,0.6,0.1,0.2
associate,0.6,0.1,0.2
association,0.6,0.1,0.2
assurance,0.6,0.1,0.2
assure,0.6,0.1,0.2
assured,0.6,0.1,0.2
assuredly,0.6,0.1,0.2
astonishingly,0.3,0.7,-0.1
astonishment,0.55,0.65,0.2
astray,-0.5,0.7,-0.5
astrologer,0.2,0.5,0.3
astronomer,0.2,0.5,0.3
asylum,-0.5,0.7,-0.5
asymmetry,-0.6,0.1,-0.4
atherosclerosis,-0.6,0.15,-0.4
atone,0.5333,0.4,0.3333
atrocious,-0.65,0.4,0.05
atrocity,-0.625,0.275,-0.175
atrophy,-0.6,0.1333,-0.4
attack,-0.6,0.7,0.0
attacking,-0.44,0.36,-0.16
attainable,0.2,0.5,0.3
attempt,0.2,0.5,0.3
attendance,0.2,0.5,0.3
attendant,0.6,0.1,0.2
attentive,0.6,0.1,0.2
attenuation,-0.7,-0.4,-0.3
attest,0.6,0.1,0.2
attestation,0.6,0.1,0.2
attorney,-0.2,0.5,0.0667
auction,0.2,0.5,0.3
audience,0.2,0.5,0.3
auditor,0.05,0.4,-0.15
aunt,0.6,0.1,0.2
auspicious,0.5,0.55,0.4
austere,-0.6,0.15,-0.4
authentic,0.7,0.35,0.35
authenticate,0.6,0.1,0.2
authentication,0.6,0.1,0.2
authenticity,0.6,0.1,0.2
author,0.6,0.1,0.2
authoritative,0.6,0.1,0.2
authority,0.6,0.1,0.2
authorization,0.6,0.1,0.2
authorize,0.6,0.1,0.2
automatic,0.6,0.1,0.2
autopsy,-0.6,0.1333,-0.4
avalanche,-0.3,0.3333,-0.3
avarice,-0.65,0.4,0.05
avenger,-0.7,0.7,0.5
averse,-0.6,0.5,-0.1333
aversion,-0.6,0.5,-0.1333
avoid,-0.5,0.7,-0.5
avoidance,-0.5,0.7,-0.5
avoiding,-0.5,0.7,-0.5
await,0.2,0.5,0.3
award,0.475,0.475,0.225
awful,-0.625,0.275,-0.175
awkwardness,-0.6,0.1,-0.4
axiom,0.6,0.1,0.2
axiomatic,0.6,0.1,0.2
baboon,-0.6,0.1,-0.4
baby,0.8,0.6,0.5
babysitter,0.6,0.1,0.2
backbone,-0.05,0.4,0.35
backer,0.6,0.1,0.2
backwards,-0.6,0.1,-0.4
backwater,-0.7,-0.4,-0.3
bacteria,-0.6,0.1333,-0.4
bacterium,-0.55,0.4,-0.45
bad,-0.625,0.275,-0.175
badge,0.6,0.1,0.2
badger,-0.7,0.7,0.5
badly,-0.7,-0.4,-0.3
badness,-0.6,0.5,-0.1333
bailiff,0.05,0.4,-0.15
bait,0.05,0.4,-0.15
bale,-0.5,0.7,-0.5
ballot,0.4,0.3,0.25
balm,0.5,0.55,0.4
bane,-0.6,0.5,-0.1333
bang,-0.44,0.36,-0.16
banger,-0.175,0.65,0.05
banish,-0.625,0.275,-0.175
banished,-0.6333,0.3333,-0.1
banishment,-0.6667,0.1333,-0.0667
bank,0.6,0.1,0.2
banker,0.6,0.1,0.2
bankrupt,-0.6,0.15,-0.4
bankruptcy,-0.625,0.275,-0.175
banquet,0.5,0.55,0.4
banshee,-0.625,0.275,-0.175
baptismal,0.8,0.6,0.5
barb,-0.7,0.7,0.5
barbarian,-0.5,0.7,-0.5
barbaric,-0.6,0.5,-0.1333
barf,-0.6,0.1,-0.4
bargain,0.6,0.1,0.2
bark,-0.7,0.7,0.5
barren,-0.7,-0.4,-0.3
barricade,-0.5,0.7,-0.5
barrier,-0.7,0.7,0.5
barrow,-0.6,0.1,-0.4
bartender,0.6,0.1,0.2
barter,0.6,0.1,0.2
base,0.6,0.1,0.2
basketball,0.5,0.55,0.4
bastard,-0.65,-0.15,-0.35
bastion,-0.7,0.7,0.5
battalion,-0.7,0.7,0.5
batter,-0.6,0.7,0.0
battered,-0.6,0.15,-0.4
battery,-0.7,0.7,0.5
battle,-0.7,0.7,0.5
battled,-0.6333,0.3333,-0.1
battlefield,-0.5,0.7,-0.5
bayonet,-0.6,0.7,0.0
beach,0.8,0.6,0.5
beam,0.8,0.6,0.5
beaming,0.5,0.55,0.4
bear,-0.6,0.7,0.0
bearish,-0.6,0.7,0.0
beast,-0.6,0.7,0.0
beastly,-0.55,0.4,-0.45
beating,-0.6333,0.3333,-0.1
beautification,0.7,0.35,0.35
beautiful,0.8,0.6,0.5
beautify,0.8,0.6,0.5
beauty,0.8,0.6,0.5
bedrock,0.6,0.1,0.2
bee,-0.6,0.7,0.0
beer,0.8,0.6,0.5
befriend,0.7,0.35,0.35
beg,-0.7,-0.4,-0.3
beggar,-0.7,-0.4,-0.3
begun,0.2,0.5,0.3
behemoth,-0.5,0.7,-0.5
believed,0.6,0.1,0.2
believer,0.6,0.1,0.2
believing,0.6,0.1,0.2
belittle,-0.625,0.275,-0.175
belligerent,-0.6,0.7,0.0
bellows,-0.7,0.7,0.5
belt,-0.6,0.7,0.0
benefactor,0.6,0.1,0.2
benevolence,0.7,0.35,0.35
benign,0.8,0.6,0.5
bequest,0.6,0.1,0.2
bereaved,-0.7,-0.4,-0.3
bereavement,-0.7,-0.4,-0.3
berserk,-0.7,0.7,0.5
bestial,-0.55,0.4,-0.45
betray,-0.425,0.275,-0.075
betrayal,-0.6667,0.1333,-0.0667
betrothed,0.5333,0.4,0.3333
beware,-0.15,0.6,-0.1
bewildered,-0.1,0.7,-0.3
bewilderment,-0.1,0.7,-0.3
bias,-0.7,0.7,0.5
bickering,-0.65,0.4,0.05
biennial,0.2,0.5,0.3
bier,-0.6,0.15,-0.4
bigot,-0.6,0.5,-0.1333
bigoted,-0.625,0.275,-0.175
bile,-0.65,0.4,0.05
biopsy,-0.5,0.7,-0.5
birch,-0.6,0.5,-0.1333
birth,0.275,0.475,0.125
birthday,0.4333,0.6,0.2333
birthplace,-0.7,0.7,0.5
bitch,-0.625,0.275,-0.175
bitterly,-0.6667,0.1333,-0.0667
bitterness,-0.6667,0.1333,-0.0667
bizarre,0.3,0.7,-0.1
black,-0.7,-0.4,-0.3
blackmail,-0.6,0.7,0.0
blackness,-0.6,0.15,-0.4
blame,-0.65,0.4,0.05
blanket,0.6,0.1,0.2
blasphemous,-0.65,0.4,0.05
blasphemy,-0.7,0.7,0.5
blast,-0.3,0.7,-0.0333
blatant,-0.65,0.4,0.05
blaze,-0.7,0.7,0.5
bleak,-0.7,-0.4,-0.3
bleeding,-0.6,0.1333,-0.4
blemish,-0.625,0.275,-0.175
bless,0.5333,0.4,0.3333
blessed,0.8,0.6,0.5
blessing,0.5333,0.4,0.3333
blessings,0.475,0.475,0.225
blight,-0.6,0.1333,-0.4
blighted,-0.65,-0.15,-0.35
blindfold,0.0,0.6333,-0.1
blindly,-0.7,-0.4,-0.3
blindness,-0.7,-0.4,-0.3
bliss,0.8,0.6,0.5
blissful,0.8,0.6,0.5
blister,-0.6,0.1,-0.4
blitz,0.3,0.7,-0.1
bloated,-0.6,0.1,-0.4
blob,-0.55,0.4,-0.45
blockade,-0.6333,0.3333,-0.1
bloodshed,-0.44,0.36,-0.16
bloodthirsty,-0.6,0.5,-0.1333
bloody,-0.625,0.275,-0.175
bloom,0.5333,0.4,0.3333
blossom,0.8,0.6,0.5
blue,-0.7,-0.4,-0.3
blues,-0.6,0.15,-0.4
blunder,-0.65,-0.15,-0.35
board,0.2,0.5,0.3
bodyguard,0.6,0.1,0.2
bogus,-0.65,0.4,0.05
boil,-0.6,0.1,-0.4
boisterous,0.1,0.6,0.4333
bomb,-0.4,0.425,-0.1
bombard,-0.6,0.7,0.0
bombardment,-0.6,0.7,0.0
bombed,-0.6,0.1,-0.4
bomber,-0.6,0.15,-0.4
bonanza,0.8,0.6,0.5
bondage,-0.6,0.15,-0.4
bonus,0.4333,0.6,0.2333
boomerang,0.4,0.3,0.25
boredom,-0.7,-0.4,-0.3
bothering,-0.7,0.15,0.1
bottom,-0.7,-0.4,-0.3
bottomless,-0.5,0.7,-0.5
bountiful,0.5,0.55,0.4
bounty,0.5333,0.4,0.3333
bouquet,0.7,0.35,0.35
bout,-0.7,0.7,0.5
bovine,-0.6,0.1,-0.4
bowels,-0.6,0.1,-0.4
boxing,-0.7,0.7,0.5
boy,-0.6,0.1,-0.4
bran,-0.6,0.1,-0.4
brawl,-0.6,0.5,-0.1333
brazen,-0.7,0.7,0.5
break,0.3,0.7,-0.1
breakup,-0.7,-0.4,-0.3
bribery,-0.6,0.1,-0.4
bridal,0.5333,0.4,0.3333
bride,0.5333,0.4,0.3333
bridegroom,0.5333,0.4,0.3333
bridesmaid,0.7,0.35,0.35
brigade,-0.5,0.7,-0.5
brighten,0.5667,0.4667,0.2
brilliant,0.5333,0.4,0.3333
brimstone,-0.6,0.7,0.0
broadside,0.2,0.5,0.3
broil,-0.7,0.7,0.5
broke,-0.6,0.15,-0.4
broken,-0.6333,0.3333,-0.1
brothel,-0.6,0.1,-0.4
brother,0.6,0.1,0.2
brotherhood,0.6,0.1,0.2
brotherly,0.5333,0.4,0.3333
bruise,0.2,0.5,0.3
brunt,-0.7,0.7,0.5
brutal,-0.6,0.7,0.0
brutality,-0.6,0.7,0.0
brute,-0.6333,0.3333,-0.1
buck,-0.1,0.7,-0.3
buddy,0.5333,0.4,0.3333
budget,0.6,0.1,0.2
buffet,-0.7,0.7,0.5
bug,-0.55,0.4,-0.45
bugaboo,-0.6333,0.3333,-0.1
bugle,0.2,0.5,0.3
bully,-0.6,0.7,0.0
bum,-0.65,-0.15,-0.35
bummer,-0.65,0.4,0.05
bunker,-0.5,0.7,-0.5
burdensome,-0.6,0.15,-0.4
bureaucracy,0.6,0.1,0.2
bureaucrat,-0.6,0.1,-0.4
burglar,-0.55,0.4,-0.45
burial,-0.6333,0.3333,-0.1
buried,-0.6,0.15,-0.4
burke,-0.625,0.275,-0.175
burlesque,0.3,0.7,-0.1
burnt,-0.6,0.1,-0.4
bursary,0.6,0.1,0.2
bury,-0.7,-0.4,-0.3
buss,0.8,0.6,0.5
busted,-0.6,0.7,0.0
butcher,-0.6,0.5,-0.1333
butler,0.6,0.1,0.2
buzz,-0.15,0.6,-0.1
bye,0.2,0.5,0.3
bylaw,0.6,0.1,0.2
cabal,-0.5,0.7,-0.5
cabinet,0.6,0.1,0.2
cable,0.3,0.7,-0.1
cacophony,-0.65,0.4,0.05
cad,-0.65,0.4,0.05
cadaver,-0.375,0.275,-0.325
cage,-0.7,-0.4,-0.3
calamity,-0.7,-0.4,-0.3
calculation,0.2,0.5,0.3
calculator,0.6,0.1,0.2
calf,0.7,0.35,0.35
callous,-0.65,0.4,0.05
calls,0.4,0.3,0.25
camouflage,0.3,0.7,-0.1
camouflaged,0.3,0.7,-0.1
campaigning,-0.6,0.7,0.0
cancel,-0.7,-0.4,-0.3
cancer,-0.625,0.275,-0.175
candid,0.475,0.475,0.225
cane,-0.6,0.7,0.0
canker,-0.65,0.4,0.05
cannibal,-0.55,0.4,-0.45
cannibalism,-0.6,0.1,-0.4
cannon,-0.6,0.7,0.0
canons,0.6,0.1,0.2
cap,0.4,0.3,0.25
captivate,0.475,0.475,0.225
captive,-0.6,0.15,-0.4
captivity,-0.7,-0.4,-0.3
captor,-0.5,0.7,-0.5
carcass,-0.6,0.1333,-0.4
carcinoma,-0.6,0.15,-0.4
cardiomyopathy,-0.6,0.15,-0.4
career,0.2,0.5,0.3
carelessness,-0.65,0.4,0.05
caretaker,0.6,0.1,0.2
caries,-0.6,0.1,-0.4
carnage,-0.44,0.36,-0.16
carnivorous,-0.5,0.7,-0.5
carol,0.7,0.35,0.35
cartridge,-0.5,0.7,-0.5
case,-0.6,0.15,-0.4
cash,0.08,0.52,0.2
cashier,0.6,0.1,0.2
casket,-0.6,0.15,-0.4
casualty,-0.6333,0.3333,-0.1
cataract,-0.3333,0.2667,-0.1667
catastrophe,-0.44,0.36,-0.16
catch,0.3,0.7,-0.1
catechism,-0.6,0.1,-0.4
cathedral,0.7,0.35,0.35
caution,-0.3333,0.6333,0.1
cautionary,-0.5,0.7,-0.5
cautious,0.1,0.4333,0.0
cautiously,-0.5,0.7,-0.5
celebrated,0.5,0.55,0.4
celebrating,0.5,0.55,0.4
celebration,0.475,0.475,0.225
celebrity,0.1,0.45,0.1667
celestial,0.5,0.55,0.4
cement,0.4,0.3,0.25
cemetery,-0.6,0.15,-0.4
censor,-0.3,0.4,-0.05
center,0.6,0.1,0.2
ceremony,0.55,0.65,0.2
certify,0.6,0.1,0.2
cess,-0.6,0.1,-0.4
chaff,-0.6,0.7,0.0
chagrin,-0.65,-0.15,-0.35
chairman,0.6,0.1,0.2
chairwoman,0.6,0.1,0.2
challenge,-0.6,0.7,0.0
champion,0.5333,0.4,0.3333
chance,0.3,0.7,-0.1
chancellor,0.6,0.1,0.2
change,-0.5,0.7,-0.5
changeable,0.25,0.6,0.1
chant,0.15,0.625,0.3
chaos,-0.6333,0.3333,-0.1
chaotic,-0.7,0.7,0.5
chaplain,0.6,0.1,0.2
chargeable,-0.6,0.15,-0.4
charitable,0.5333,0.4,0.3333
charity,0.8,0.6,0.5
charmed,0.8,0.6,0.5
chart,0.6,0.1,0.2
chasm,-0.5,0.7,-0.5
chastity,0.4,0.3,0.25
cheat,-0.65,0.4,0.05
checklist,0.6,0.1,0.2
cheer,0.475,0.475,0.225
cheerful,0.55,0.65,0.2
cheerfulness,0.5333,0.4,0.3333
cheering,0.8,0.6,0.5
cheery,0.5,0.55,0.4
chemist,0.6,0.1,0.2
cherish,0.475,0.475,0.225
chicane,0.3667,0.4333,0.1333
chicken,-0.5,0.7,-0.5
child,0.5,0.55,0.4
childhood,0.8,0.6,0.5
chimera,-0.1,0.7,-0.3
chirp,0.8,0.6,0.5
chocolate,0.5333,0.4,0.3333
choir,0.7,0.35,0.35
choke,-0.7,0.15,0.1
cholera,-0.6,0.1333,-0.4
choral,0.8,0.6,0.5
chronic,-0.7,-0.4,-0.3
chronicle,0.6,0.1,0.2
chuckle,0.475,0.475,0.225
church,0.5333,0.4,0.3333
civilization,0.6,0.1,0.2
civilized,0.7,0.35,0.35
claimant,-0.65,0.4,0.05
clamor,-0.2,0.5,0.075
clan,0.6,0.1,0.2
clap,0.5333,0.4,0.3333
clash,-0.7,0.7,0.5
clashing,-0.6,0.7,0.0
classics,0.8,0.6,0.5
claw,-0.6,0.7,0.0
clean,0.7,0.35,0.35
clearance,0.6,0.1,0.2
cleave,-0.5,0.7,-0.5
clerical,0.6,0.1,0.2
cliff,-0.5,0.7,-0.5
climax,0.475,0.475,0.225
clock,0.2,0.5,0.3
closeness,0.7,0.35,0.35
closure,0.1,0.2333,0.1667
clouded,-0.7,-0.4,-0.3
cloudiness,-0.5,0.7,-0.5
cloudy,-0.7,-0.4,-0.3
clown,0.4333,0.6,0.2333
clue,0.2,0.5,0.3
clumsy,-0.6,0.1,-0.4
coach,0.6,0.1,0.2
coalesce,0.6,0.1,0.2
coax,0.6,0.1,0.2
cobra,-0.5,0.7,-0.5
cocaine,-0.7,-0.4,-0.3
coerce,-0.6,0.5,-0.1333
coercion,-0.625,0.275,-0.175
coexist,0.6,0.1,0.2
coexisting,0.6,0.1,0.2
coffin,-0.6,0.15,-0.4
cogent,0.6,0.1,0.2
cohesion,0.6,0.1,0.2
cohesive,0.6,0.1,0.2
coincidence,0.3,0.7,-0.1
coldness,-0.625,0.275,-0.175
collaborator,0.6,0.1,0.2
collapse,-0.6,0.1333,-0.4
collateral,0.6,0.1,0.2
collectively,0.6,0.1,0.2
collision,-0.7,0.7,0.5
collusion,-0.625,0.275,-0.175
colonel,0.6,0.1,0.2
coma,-0.6,0.15,-0.4
comatose,-0.6,0.15,-0.4
combat,-0.6,0.7,0.0
combatant,-0.6,0.7,0.0
combative,-0.6,0.7,0.0
comfort,0.5333,0.4,0.3333
coming,0.2,0.5,0.3
commandant,0.6,0.1,0.2
commanding,0.6,0.1,0.2
commemorate,0.1,0.2333,0.1667
commemoration,0.5,0.55,0.4
commemorative,0.2,0.5,0.3
commendable,0.7,0.35,0.35
commerce,0.6,0.1,0.2
commission,0.6,0.1,0.2
committal,-0.7,-0.4,-0.3
committed,0.6,0.1,0.2
committee,0.6,0.1,0.2
commodore,0.6,0.1,0.2
commonplace,0.4,0.3,0.25
commonwealth,0.6,0.1,0.2
commotion,-0.7,0.7,0.5
communicate,0.6,0.1,0.2
communication,0.6,0.1,0.2
communion,0.7,0.35,0.35
communism,-0.6333,0.3333,-0.1
compact,0.6,0.1,0.2
companion,0.7,0.35,0.35
compass,0.6,0.1,0.2
compassion,-0.5,0.7,-0.5
compensate,0.475,0.475,0.225
competence,0.6,0.1,0.2
competency,0.6,0.1,0.2
competent,0.6,0.1,0.2
competition,0.2,0.5,0.3
complain,-0.7,0.15,0.1
complaint,-0.7,0.7,0.5
complement,0.475,0.475,0.225
completing,0.5,0.55,0.4
completion,0.5,0.55,0.4
compliance,0.6,0.1,0.2
complicate,-0.7,0.7,0.5
compliment,0.475,0.475,0.225
compost,-0.6,0.1,-0.4
compress,-0.7,0.7,0.5
comptroller,0.6,0.1,0.2
compulsion,-0.7,0.7,0.5
comrade,0.6,0.1,0.2
conceal,-0.7,-0.4,-0.3
concealed,0.0,0.6333,-0.1
concealment,-0.3333,0.6333,0.1
concerned,-0.6,0.15,-0.4
conciliation,0.7,0.35,0.35
concord,0.6,0.1,0.2
concordance,0.6,0.1,0.2
concussion,-0.7,0.15,0.1
condemn,-0.7,0.7,0.5
condemnation,-0.46,0.32,-0.08
condescension,-0.6667,0.1333,-0.0667
condolence,-0.7,-0.4,-0.3
confederate,0.6,0.1,0.2
confess,0.6,0.1,0.2
confession,-0.175,0.375,-0.15
confessional,0.05,0.4,-0.15
confide,0.6,0.1,0.2
confidence,0.3,0.4667,0.0667
confident,0.7,0.35,0.35
confidential,0.6,0.1,0.2
confidentially,0.6,0.1,0.2
confine,-0.6333,0.3333,-0.1
confined,-0.625,0.275,-0.175
confinement,-0.6333,0.3333,-0.1
confirmation,0.6,0.1,0.2
confirmed,0.6,0.1,0.2
confiscate,-0.7,0.15,0.1
conflagration,-0.6,0.7,0.0
conflict,-0.6333,0.3333,-0.1
conformity,0.6,0.1,0.2
confront,-0.7,0.7,0.5
confusion,-0.6,0.7,0.0
conglomerate,0.6,0.1,0.2
congratulatory,0.8,0.6,0.5
congregation,0.6,0.1,0.2
congress,0.0,0.1,-0.1
congressman,0.6,0.1,0.2
congruence,0.6,0.1,0.2
conjecture,0.2,0.5,0.3
conjure,0.25,0.6,0.1
connective,0.6,0.1,0.2
connoisseur,0.7,0.35,0.35
conquest,-0.6,0.7,0.0
conscience,0.6,0.1,0.2
conscientious,0.6,0.1,0.2
consecration,0.225,0.2,0.175
consequent,0.2,0.5,0.3
conservation,0.4,0.3,0.25
considerate,0.6,0.1,0.2
consistency,0.6,0.1,0.2
console,-0.7,-0.4,-0.3
consort,0.6,0.1,0.2
conspiracy,-0.5,0.7,-0.5
conspirator,-0.4,0.5,-0.025
conspire,-0.5,0.7,-0.5
constable,0.6,0.1,0.2
constancy,0.6,0.1,0.2
constant,0.6,0.1,0.2
constantly,0.6,0.1,0.2
consternation,-0.6,0.7,0.0
constipation,-0.6,0.1,-0.4
constitute,0.6,0.1,0.2
constitutional,0.6,0.1,0.2
constrain,-0.5,0.7,-0.5
constraint,-0.6333,0.3333,-0.1
consul,0.6,0.1,0.2
consult,0.6,0.1,0.2
contagion,-0.3,0.4333,-0.2
contagious,-0.55,0.4,-0.45
contaminate,-0.6,0.1,-0.4
contaminated,-0.6,0.1333,-0.4
contamination,-0.6,0.1,-0.4
contempt,-0.6,0.5,-0.1333
contemptible,-0.65,0.4,0.05
contemptuous,-0.7,0.7,0.5
content,0.7,0.35,0.35
contentious,-0.6,0.5,-0.1333
contingent,0.2,0.5,0.3
continuation,0.2,0.5,0.3
continue,0.4,0.3,0.25
contraband,-0.6,0.5,-0.1333
contradict,-0.7,0.7,0.5
contributor,0.6,0.1,0.2
controversial,-0.7,0.7,0.5
convent,0.6,0.1,0.2
convergence,0.2,0.5,0.3
conveyancing,0.6,0.1,0.2
convict,-0.625,0.275,-0.175
convince,0.4,0.3,0.25
convinced,0.6,0.1,0.2
convincing,0.6,0.1,0.2
coop,-0.65,0.4,0.05
cooperating,0.6,0.1,0.2
cooperation,0.6,0.1,0.2
cooperative,0.6,0.1,0.2
cop,0.05,0.4,-0.15
copycat,-0.65,0.4,0.05
coronation,0.7,0.35,0.35
corporation,0.6,0.1,0.2
corpse,-0.65,-0.15,-0.35
correctness,0.6,0.1,0.2
correspondence,0.2,0.5,0.3
corroborate,0.6,0.1,0.2
corroboration,0.6,0.1,0.2
corrosive,-0.5,0.7,-0.5
corrupting,-0.625,0.275,-0.175
corruption,-0.6,0.1,-0.4
corse,-0.7,-0.4,-0.3
cosmopolitan,0.6,0.1,0.2
couch,-0.7,-0.4,-0.3
cough,-0.6,0.1,-0.4
council,0.4,0.3,0.25
counsel,0.6,0.1,0.2
counsellor,-0.2,0.5,0.0667
counselor,0.6,0.1,0.2
count,0.6,0.1,0.2
countdown,0.2,0.5,0.3
countryman,0.6,0.1,0.2
county,0.6,0.1,0.2
coup,-0.2,0.7,0.2
courageous,-0.5,0.7,-0.5
courier,0.6,0.1,0.2
court,-0.3333,0.6333,0.1
courtship,0.5333,0.4,0.3333
cove,-0.025,0.475,-0.025
covenant,0.6,0.1,0.2
cover,0.6,0.1,0.2
coward,-0.6,0.1333,-0.4
cowardice,-0.5,0.7,-0.5
cowardly,-0.5,0.7,-0.5
coy,-0.5,0.7,-0.5
coyote,-0.5,0.7,-0.5
crabby,-0.7,0.7,0.5
cracked,-0.6,0.7,0.0
cradle,0.5333,0.4,0.3333
cramp,0.2,0.5,0.3
cranky,-0.7,0.7,0.5
crap,-0.6,0.1,-0.4
craps,0.2,0.5,0.3
crash,-0.3,0.3333,-0.3
crave,0.2,0.5,0.3
craving,0.2,0.5,0.3
crawl,-0.6,0.1,-0.4
crazed,-0.6,0.7,0.0
crazy,-0.6333,0.3333,-0.1
cream,0.4333,0.6,0.2333
create,0.8,0.6,0.5
creature,-0.55,0.4,-0.45
credence,0.6,0.1,0.2
credential,0.6,0.1,0.2
credibility,0.6,0.1,0.2
credible,0.6,0.1,0.2
credit,0.6,0.1,0.2
creditable,0.6,0.1,0.2
creeping,0.2,0.5,0.3
cremation,-0.7,-0.4,-0.3
crescendo,0.475,0.475,0.225
crew,0.6,0.1,0.2
crime,-0.7,0.7,0.5
criminal,-0.6,0.5,-0.1333
criminality,-0.6,0.5,-0.1333
cringe,-0.6,0.1333,-0.4
cripple,-0.6,0.15,-0.4
crippled,-0.7,-0.4,-0.3
crisp,0.6,0.1,0.2
criticism,-0.7,0.15,0.1
criticize,-0.625,0.275,-0.175
critter,-0.6,0.1,-0.4
crocodile,-0.5,0.7,-0.5
cross,-0.6333,0.3333,-0.1
crouch,-0.5,0.7,-0.5
crouching,-0.5,0.7,-0.5
crowning,0.475,0.475,0.225
crucial,0.6,0.1,0.2
crucifixion,-0.625,0.275,-0.175
crude,-0.6,0.1,-0.4
cruel,-0.625,0.275,-0.175
cruelly,-0.6,0.7,0.0
cruelty,-0.625,0.275,-0.175
crumbling,-0.7,-0.4,-0.3
crunch,-0.7,0.7,0.5
crusade,-0.6,0.7,0.0
crushed,-0.625,0.275,-0.175
crushing,-0.6,0.5,-0.1333
crusty,-0.6,0.1,-0.4
cry,-0.7,-0.4,-0.3
crying,-0.7,-0.4,-0.3
crypt,-0.6,0.15,-0.4
cube,0.6,0.1,0.2
cuckold,-0.6,0.1,-0.4
cuddle,0.7,0.35,0.35
cue,0.2,0.5,0.3
culinary,0.6,0.1,0.2
cult,-0.5,0.7,-0.5
cultivate,0.4,0.3,0.25
cumbersome,-0.7,-0.4,-0.3
cupping,-0.6,0.1333,-0.4
cur,-0.6,0.5,-0.1333
curable,0.6,0.1,0.2
curiosity,0.25,0.6,0.1
curse,-0.625,0.275,-0.175
cursed,-0.6333,0.3333,-0.1
cursing,-0.65,0.4,0.05
cussed,-0.7,0.7,0.5
custodian,0.6,0.1,0.2
custody,0.6,0.1,0.2
cutter,-0.5,0.7,-0.5
cutthroat,-0.6,0.7,0.0
cutting,-0.625,0.275,-0.175
cyanide,-0.5,0.7,-0.5
cyclone,-0.1,0.7,-0.3
cyst,-0.6,0.15,-0.4
cystic,-0.6,0.1,-0.4
cytomegalovirus,-0.7,-0.4,-0.3
dabbling,-0.65,0.4,0.05
daemon,-0.44,0.36,-0.16
daft,-0.6,0.1,-0.4
dagger,-0.5,0.7,-0.5
daily,0.2,0.5,0.3
damage,-0.6667,0.1333,-0.0667
damages,-0.7,-0.4,-0.3
dame,-0.2333,0.3,0.1
damn,-0.65,0.4,0.05
damnation,-0.6333,0.3333,-0.1
dance,0.7,0.35,0.35
dandy,-0.6,0.1,-0.4
danger,-0.6,0.15,-0.4
dangerous,-0.5,0.7,-0.5
dank,-0.6,0.1,-0.4
dare,0.4,0.3,0.25
dark,-0.7,-0.4,-0.3
darken,-0.6,0.15,-0.4
darkened,-0.6,0.15,-0.4
darkness,-0.6333,0.3333,-0.1
darling,0.7,0.35,0.35
dart,-0.5,0.7,-0.5
dashed,-0.6333,0.3333,-0.1
dastardly,-0.6,0.5,-0.1333
daughter,0.8,0.6,0.5
dawn,0.475,0.475,0.225
deacon,0.6,0.1,0.2
deadly,-0.625,0.275,-0.175
deal,0.475,0.475,0.225
dealings,0.6,0.1,0.2
death,-0.3333,0.3833,-0.0833
debacle,-0.6,0.15,-0.4
debauchery,-0.55,0.4,-0.45
debenture,0.2,0.5,0.3
debris,-0.6,0.1,-0.4
debt,-0.7,-0.4,-0.3
decay,-0.6,0.15,-0.4
decayed,-0.65,-0.15,-0.35
deceased,-0.7,-0.4,-0.3
deceit,-0.44,0.36,-0.16
deceitful,-0.65,-0.15,-0.35
deceive,-0.6667,0.1333,-0.0667
deceived,-0.7,0.7,0.5
deceiving,0.6,0.1,0.2
decompose,-0.6,0.1,-0.4
decomposed,-0.7,-0.4,-0.3
decomposition,-0.6,0.1333,-0.4
decoy,0.3,0.7,-0.1
decry,-0.7,0.7,0.5
deed,0.6,0.1,0.2
defamation,-0.55,0.4,-0.45
defamatory,-0.7,0.7,0.5
default,-0.6,0.1333,-0.4
defeated,-0.7,-0.4,-0.3
defect,-0.7,0.7,0.5
defection,-0.5,0.7,-0.5
defective,-0.6,0.1,-0.4
defend,-0.5,0.7,-0.5
defendant,-0.6333,0.3333,-0.1
defended,0.6,0.1,0.2
defender,0.6,0.1,0.2
defense,-0.3333,0.6333,0.1
defenseless,-0.6,0.15,-0.4
deference,0.6,0.1,0.2
defiance,-0.6,0.5,-0.1333
defiant,-0.7,0.7,0.5
definitive,0.6,0.1,0.2
deflate,-0.7,0.15,0.1
deflation,-0.5,0.7,-0.5
deform,-0.6,0.1,-0.4
deformed,-0.65,-0.15,-0.35
deformity,-0.6,0.1333,-0.4
defraud,-0.65,0.4,0.05
defunct,-0.7,-0.4,-0.3
defy,-0.4,0.425,-0.1
degeneracy,-0.6667,0.1333,-0.0667
degrade,-0.6,0.1,-0.4
degrading,-0.6,0.1333,-0.4
delay,-0.625,0.275,-0.175
delegate,0.6,0.1,0.2
deleterious,-0.6,0.5,-0.1333
delicious,0.8,0.6,0.5
delight,0.5,0.55,0.4
delighted,0.4333,0.6,0.2333
delightful,0.5333,0.4,0.3333
delinquent,-0.65,0.4,0.05
delirious,-0.7,-0.4,-0.3
delirium,-0.65,-0.15,-0.35
deliverance,0.5333,0.4,0.3333
delivery,0.2,0.5,0.3
deluge,-0.3,0.3333,-0.3
delusion,-0.6333,0.3333,-0.1
delusional,-0.6,0.7,0.0
demand,-0.7,0.7,0.5
demented,-0.5,0.7,-0.5
dementia,-0.6,0.15,-0.4
demise,-0.6,0.15,-0.4
demolish,-0.7,0.15,0.1
demon,-0.625,0.275,-0.175
demonic,-0.625,0.275,-0.175
demonstrative,0.05,0.1,0.1
demoralized,-0.6,0.15,-0.4
denied,-0.7,-0.4,-0.3
denounce,-0.65,0.4,0.05
dentistry,-0.5,0.7,-0.5
denunciation,-0.6,0.5,-0.1333
deny,-0.7,0.7,0.5
denying,0.2,0.5,0.3
depart,-0.25,0.05,0.0
departed,-0.7,-0.4,-0.3
departure,-0.7,-0.4,-0.3
depend,0.4,0.3,0.25
dependence,-0.6,0.15,-0.4
dependent,0.6,0.1,0.2
deplorable,-0.625,0.275,-0.175
deplore,-0.6667,0.1333,-0.0667
deport,-0.6,0.15,-0.4
deportation,-0.6333,0.3333,-0.1
depository,0.6,0.1,0.2
depraved,-0.46,0.32,-0.08
depravity,-0.65,0.4,0.05
depreciate,-0.65,0.4,0.05
depreciated,-0.625,0.275,-0.175
depreciation,-0.5,0.7,-0.5
depress,-0.6,0.15,-0.4
depressed,-0.6333,0.3333,-0.1
depressing,-0.65,-0.15,-0.35
depression,-0.7,-0.4,-0.3
depressive,-0.7,-0.4,-0.3
deprivation,-0.625,0.275,-0.175
depth,0.6,0.1,0.2
deputy,0.6,0.1,0.2
deranged,-0.6,0.5,-0.1333
derision,-0.65,0.4,0.05
dermatologist,0.6,0.1,0.2
derogation,-0.625,0.275,-0.175
derogatory,-0.625,0.275,-0.175
descent,-0.6,0.15,-0.4
desecration,-0.625,0.275,-0.175
desert,-0.625,0.275,-0.175
deserted,-0.625,0.275,-0.175
deserve,0.0333,0.4333,0.3333
designation,0.6,0.1,0.2
desist,-0.65,0.4,0.05
desolation,-0.6,0.15,-0.4
despair,-0.625,0.275,-0.175
despairing,-0.6,0.15,-0.4
despicable,-0.65,0.4,0.05
despise,-0.65,0.4,0.05
despotic,-0.5,0.7,-0.5
despotism,-0.625,0.275,-0.175
destination,0.02,0.42,-0.02
destined,0.2,0.5,0.3
destitute,-0.6,0.15,-0.4
destroyed,-0.6333,0.3333,-0.1
destroyer,-0.6,0.7,0.0
destroying,-0.6333,0.3333,-0.1
destruction,-0.7,0.7,0.5
destructive,-0.6,0.5,-0.1333
detainee,-0.425,0.375,0.0
detention,-0.7,-0.4,-0.3
deteriorate,-0.6,0.15,-0.4
deteriorated,-0.65,-0.15,-0.35
deterioration,-0.625,0.275,-0.175
determinate,0.4,0.3,0.25
determination,0.6,0.1,0.2
detest,-0.65,0.4,0.05
detonate,-0.1,0.7,-0.3
detonation,-0.7,0.7,0.5
detract,-0.7,0.7,0.5
devastate,-0.6333,0.3333,-0.1
devastating,-0.38,0.24,-0.1
devastation,-0.4,0.425,-0.1
develop,0.2,0.5,0.3
deviation,-0.7,-0.4,-0.3
devil,-0.46,0.32,-0.08
devilish,-0.55,0.4,-0.45
devotional,0.6,0.1,0.2
devout,0.5333,0.4,0.3333
diabolical,-0.6,0.5,-0.1333
diagnosis,0.1,0.4333,0.0
diamond,0.8,0.6,0.5
diaper,-0.6,0.1,-0.4
diarrhoea,-0.6,0.1,-0.4
diary,0.7,0.35,0.35
diatribe,-0.65,0.4,0.05
dictator,-0.5,0.7,-0.5
dictatorial,-0.7,0.7,0.5
dictatorship,-0.46,0.32,-0.08
dictionary,0.6,0.1,0.2
dictum,0.6,0.1,0.2
die,-0.6,0.15,-0.4
dietary,0.2,0.5,0.3
differential,0.6,0.1,0.2
differently,0.3,0.7,-0.1
difficult,-0.5,0.7,-0.5
difficulties,-0.7,-0.4,-0.3
difficulty,-0.6333,0.3333,-0.1
digit,0.6,0.1,0.2
dignity,0.6,0.1,0.2
digress,0.2,0.5,0.3
dike,-0.5,0.7,-0.5
dilapidated,-0.65,-0.15,-0.35
diligence,0.6,0.1,0.2
diminish,-0.7,-0.4,-0.3
dinosaur,-0.5,0.7,-0.5
diplomacy,0.4,0.3,0.25
diplomatic,0.6,0.1,0.2
dire,-0.375,0.275,-0.325
director,0.6,0.1,0.2
dirt,-0.6,0.1,-0.4
dirty,-0.6,0.1,-0.4
disability,-0.7,-0.4,-0.3
disable,-0.6,0.15,-0.4
disabled,-0.6,0.15,-0.4
disagree,-0.7,0.7,0.5
disagreeing,-0.7,0.15,0.1
disagreement,-0.7,0.15,0.1
disallowed,-0.625,0.275,-0.175
disappear,-0.5,0.7,-0.5
disappoint,-0.6667,0.1333,-0.0667
disappointed,-0.6667,0.1333,-0.0667
disappointing,-0.7,-0.4,-0.3
disappointment,-0.65,-0.15,-0.35
disapproval,-0.7,-0.4,-0.3
disapprove,-0.625,0.275,-0.175
disapproved,-0.7,0.15,0.1
disapproving,-0.6667,0.1333,-0.0667
disaster,-0.44,0.36,-0.16
disastrous,-0.6333,0.3333,-0.1
disciple,0.6,0.1,0.2
discipline,-0.5,0.7,-0.5
disclaim,-0.2333,0.3,0.1
disclosed,0.6,0.1,0.2
discoloration,-0.6,0.1,-0.4
discolored,-0.65,-0.15,-0.35
discomfort,-0.7,-0.4,-0.3
disconnect,-0.7,-0.4,-0.3
disconnected,-0.7,-0.4,-0.3
discontent,-0.625,0.275,-0.175
discontinuity,-0.6,0.1333,-0.4
discord,-0.65,0.4,0.05
discourage,-0.6,0.15,-0.4
discreet,0.2,0.5,0.3
discretion,0.4,0.3,0.25
discriminate,-0.7,0.15,0.1
discriminating,-0.6,0.1,-0.4
discrimination,-0.625,0.275,-0.175
disdain,-0.65,0.4,0.05
disease,-0.625,0.275,-0.175
diseased,-0.6,0.1333,-0.4
disembodied,-0.6,0.15,-0.4
disfigured,-0.625,0.275,-0.175
disgrace,-0.6667,0.1333,-0.0667
disgraced,-0.6667,0.1333,-0.0667
disgraceful,-0.65,0.4,0.05
disgruntled,-0.6667,0.1333,-0.0667
disgust,-0.625,0.275,-0.175
disgusting,-0.6,0.5,-0.1333
disheartened,-0.7,-0.4,-0.3
disheartening,-0.7,-0.4,-0.3
dishonest,-0.6667,0.1333,-0.0667
dishonesty,-0.6,0.1,-0.4
dishonor,-0.625,0.275,-0.175
disillusionment,-0.6667,0.1333,-0.0667
disinformation,-0.6,0.7,0.0
disingenuous,-0.6,0.1,-0.4
disintegrate,-0.55,0.4,-0.45
dislike,-0.65,0.4,0.05
disliked,-0.7,0.15,0.1
dislocated,-0.625,0.275,-0.175
dismal,-0.6,0.1333,-0.4
dismay,-0.28,0.44,-0.02
dismemberment,-0.6,0.1333,-0.4
dismissal,-0.44,0.36,-0.16
disobedience,-0.65,0.4,0.05
disobedient,-0.7,0.7,0.5
disobey,-0.65,0.4,0.05
disorder,-0.5,0.7,-0.5
disparage,-0.6667,0.1333,-0.0667
disparaging,-0.6667,0.1333,-0.0667
disparity,-0.6667,0.1333,-0.0667
dispassionate,-0.7,-0.4,-0.3
dispel,-0.7,-0.4,-0.3
displaced,-0.6333,0.3333,-0.1
displeased,-0.625,0.275,-0.175
displeasure,-0.6,0.1,-0.4
dispose,-0.6,0.1,-0.4
disposed,0.4,0.3,0.25
dispossessed,-0.6333,0.3333,-0.1
dispute,-0.7,0.7,0.5
disqualified,-0.6667,0.1333,-0.0667
disqualify,-0.7,-0.4,-0.3
disregarded,-0.6,0.1,-0.4
disreputable,-0.6,0.5,-0.1333
disrespect,-0.7,0.7,0.5
disrespectful,-0.625,0.275,-0.175
disruption,-0.3,0.7,-0.0333
dissection,-0.6,0.1,-0.4
dissension,-0.7,0.7,0.5
disservice,-0.6667,0.1333,-0.0667
dissident,-0.6,0.7,0.0
dissolution,-0.4,0.425,-0.1
dissonance,-0.7,0.7,0.5
distaste,-0.6,0.1,-0.4
distasteful,-0.6,0.1,-0.4
distorted,-0.6,0.1,-0.4
distracted,-0.7,0.7,0.5
distracting,-0.25,0.6,0.4
distraught,-0.7,-0.4,-0.3
distress,-0.44,0.36,-0.16
distressed,-0.5,0.7,-0.5
distressing,-0.6,0.7,0.0
distrust,-0.6,0.5,-0.1333
disturbance,-0.4,0.425,-0.1
disturbed,-0.7,0.15,0.1
disused,-0.7,0.7,0.5
ditty,0.8,0.6,0.5
divan,0.6,0.1,0.2
divergent,0.3,0.7,-0.1
diversion,0.3,0.7,-0.1
divination,0.2,0.5,0.3
divorce,-0.2667,0.3167,-0.1
doctor,0.6,0.1,0.2
doctrine,0.6,0.1,0.2
dogma,0.6,0.1,0.2
doldrums,-0.7,-0.4,-0.3
dole,-0.7,-0.4,-0.3
doll,0.8,0.6,0.5
dolor,-0.7,-0.4,-0.3
dolphin,0.5667,0.4667,0.2
dominant,-0.5,0.7,-0.5
dominate,-0.6,0.7,0.0
domination,-0.6333,0.3333,-0.1
dominion,0.05,0.4,-0.15
don,0.6,0.1,0.2
donkey,-0.6,0.1,-0.4
doom,-0.5,0.7,-0.5
doomed,-0.6,0.15,-0.4
doomsday,-0.46,0.32,-0.08
doubt,-0.2,0.1333,-0.2
doubtless,0.6,0.1,0.2
dove,0.5333,0.4,0.3333
downfall,-0.6,0.15,-0.4
downright,0.6,0.1,0.2
drab,-0.7,-0.4,-0.3
draft,0.2,0.5,0.3
dragon,-0.5,0.7,-0.5
dread,-0.15,0.6,-0.1
dreadful,-0.46,0.32,-0.08
dreadfully,-0.375,0.275,-0.325
dreary,-0.7,-0.4,-0.3
drivel,-0.6,0.1,-0.4
drool,-0.6,0.1,-0.4
drown,-0.6,0.15,-0.4
drugged,-0.7,-0.4,-0.3
drunken,-0.6,0.1,-0.4
dubious,0.05,0.4,-0.15
duel,-0.3333,0.6333,0.1
dull,-0.7,-0.4,-0.3
dumps,-0.7,0.15,0.1
dung,-0.6,0.1,-0.4
dungeon,-0.5,0.7,-0.5
dupe,-0.7,0.7,0.5
duplicity,-0.7,0.7,0.5
durability,0.6,0.1,0.2
durable,0.6,0.1,0.2
duress,-0.625,0.275,-0.175
dutiful,0.4,0.3,0.25
dwarfed,-0.6,0.15,-0.4
dying,-0.625,0.275,-0.175
dynamic,0.3,0.7,-0.1
dysentery,-0.65,-0.15,-0.35
eager,0.475,0.475,0.225
eagerness,0.5333,0.4,0.3333
eagle,0.6,0.1,0.2
earthquake,-0.4,0.425,-0.1
economy,0.6,0.1,0.2
ecstasy,0.5,0.55,0.4
ecstatic,0.4333,0.6,0.2333
edict,-0.5,0.7,-0.5
edification,0.5333,0.4,0.3333
edition,0.2,0.5,0.3
educational,0.6,0.1,0.2
eel,-0.5,0.7,-0.5
effective,0.6,0.1,0.2
efficient,0.4,0.3,0.25
effigy,-0.7,0.7,0.5
egotistical,-0.6,0.1,-0.4
egregious,-0.65,0.4,0.05
ejaculation,0.475,0.475,0.225
elated,0.8,0.6,0.5
elbow,-0.7,0.7,0.5
elder,0.6,0.1,0.2
elders,0.6,0.1,0.2
elect,0.6,0.1,0.2
electorate,0.6,0.1,0.2
electric,0.55,0.65,0.2
elegance,0.5333,0.4,0.3333
elegant,0.8,0.6,0.5
elevation,0.275,0.475,0.125
elf,-0.6,0.5,-0.1333
elimination,-0.625,0.275,-0.175
elite,0.5333,0.4,0.3333
elucidate,0.6,0.1,0.2
elusive,0.3,0.7,-0.1
emaciated,-0.6,0.15,-0.4
emancipation,0.5,0.55,0.4
embarrass,-0.7,-0.4,-0.3
embarrassment,-0.3,0.3333,-0.3
embolism,-0.6,0.15,-0.4
embrace,0.475,0.475,0.225
emergency,-0.3,0.3333,-0.3
eminence,0.6,0.1,0.2
emphasize,0.6,0.1,0.2
employ,0.6,0.1,0.2
emptiness,-0.7,-0.4,-0.3
enable,0.6,0.1,0.2
enablement,0.6,0.1,0.2
enchant,0.4333,0.6,0.2333
enchanted,0.7,0.35,0.35
enchanting,0.5,0.55,0.4
encourage,0.7,0.35,0.35
encroachment,-0.5,0.7,-0.5
encumbrance,-0.6333,0.3333,-0.1
encyclopedia,0.6,0.1,0.2
endanger,-0.15,0.6,-0.1
endangered,-0.5,0.7,-0.5
endeavor,0.2,0.5,0.3
endemic,-0.6,0.1333,-0.4
endless,-0.1,0.34,0.08
endocarditis,-0.6,0.15,-0.4
endow,0.6,0.1,0.2
endowment,0.6,0.1,0.2
enema,-0.6,0.1,-0.4
enemy,-0.6,0.5,-0.1333
enforce,-0.6,0.7,0.0
engaged,0.5333,0.4,0.3333
engaging,0.7,0.35,0.35
engulf,0.2,0.5,0.3
enigmatic,-0.5,0.7,-0.5
enjoy,0.5333,0.4,0.3333
enjoying,0.5333,0.4,0.3333
enlighten,0.7,0.35,0.35
enlightenment,0.7,0.35,0.35
enliven,0.5667,0.4667,0.2
enmity,-0.6333,0.3333,-0.1
enroll,0.4,0.3,0.25
ensemble,0.6,0.1,0.2
enslaved,-0.625,0.275,-0.175
entangled,-0.625,0.275,-0.175
entertain,0.8,0.6,0.5
entertained,0.8,0.6,0.5
entertaining,0.5,0.55,0.4
entertainment,0.475,0.475,0.225
enthusiasm,0.4333,0.6,0.2333
enthusiast,0.4333,0.6,0.2333
entrails,-0.6,0.1,-0.4
entrust,0.6,0.1,0.2
epidemic,-0.3333,0.3833,-0.0833
episcopal,0.6,0.1,0.2
epitaph,-0.7,-0.4,-0.3
equality,0.7,0.35,0.35
eradicate,-0.7,0.7,0.5
eradication,-0.6,0.5,-0.1333
erase,-0.5,0.7,-0.5
erotic,0.475,0.475,0.225
errand,0.4,0.3,0.25
erratic,0.3,0.7,-0.1
error,-0.7,-0.4,-0.3
erupt,-0.2,0.7,0.2
eruption,-0.3,0.7,-0.0333
escalate,-0.7,0.7,0.5
escape,-0.15,0.6,-0.1
escaped,-0.5,0.7,-0.5
eschew,-0.7,0.15,0.1
escort,0.6,0.1,0.2
establish,0.6,0.1,0.2
established,0.8,0.6,0.5
esteem,0.2333,0.1,0.1333
ethereal,-0.5,0.7,-0.5
euthanasia,-0.6,0.15,-0.4
evacuate,-0.5,0.7,-0.5
evade,-0.6,0.5,-0.1333
evanescence,-0.2,0.15,-0.2
evasion,-0.6,0.15,-0.4
eventual,0.2,0.5,0.3
eventuality,-0.15,0.6,-0.1
evergreen,0.7,0.35,0.35
evict,-0.7,-0.4,-0.3
eviction,-0.625,0.275,-0.175
evident,0.6,0.1,0.2
evil,-0.625,0.275,-0.175
exacerbation,-0.6,0.7,0.0
exaggerate,-0.7,0.7,0.5
exalt,0.5333,0.4,0.3333
exaltation,0.7,0.35,0.35
exalted,0.7,0.35,0.35
examination,-0.1,0.7,-0.3
exasperation,-0.65,0.4,0.05
excavation,0.25,0.6,0.1
exceed,0.5,0.55,0.4
excel,0.475,0.475,0.225
excellence,0.2667,0.2667,0.1
excellent,0.7,0.35,0.35
exchange,0.6,0.1,0.2
excitation,0.02,0.64,0.14
excite,0.02,0.64,0.14
excited,0.475,0.475,0.225
excitement,0.4333,0.6,0.2333
exciting,0.4333,0.6,0.2333
exclaim,0.3,0.7,-0.1
excluded,-0.65,-0.15,-0.35
excluding,-0.7,-0.4,-0.3
exclusion,-0.6,0.1333,-0.4
excrement,-0.6,0.1,-0.4
excretion,-0.6,0.1,-0.4
excruciating,-0.5,0.7,-0.5
execution,-0.325,0.275,-0.025
executioner,-0.6333,0.3333,-0.1
executor,0.6,0.1,0.2
exhausted,-0.7,-0.4,-0.3
exhaustion,-0.25,0.05,0.0
exhaustive,0.6,0.1,0.2
exhilaration,0.55,0.65,0.2
exigent,-0.15,0.5,-0.175
exile,-0.6333,0.3333,-0.1
exorcism,-0.6,0.15,-0.4
expect,0.3667,0.4333,0.1333
expectancy,0.2,0.5,0.3
expectant,0.2,0.5,0.3
expectation,0.2,0.5,0.3
expected,0.2,0.5,0.3
expecting,0.2,0.5,0.3
expedient,0.7,0.35,0.35
expedition,0.2,0.5,0.3
expel,-0.625,0.275,-0.175
experienced,0.6,0.1,0.2
experiment,0.25,0.6,0.1
expert,0.6,0.1,0.2
expertise,0.6,0.1,0.2
expire,-0.7,-0.4,-0.3
explain,0.6,0.1,0.2
expletive,-0.7,0.7,0.5
explode,-0.4,0.425,-0.1
explore,0.2,0.5,0.3
explosion,-0.1,0.7,-0.3
explosive,-0.175,0.65,0.05
expose,-0.15,0.6,-0.1
expulsion,-0.625,0.275,-0.175
exquisite,0.8,0.6,0.5
exterminate,-0.6,0.15,-0.4
extermination,-0.6,0.7,0.0
extinct,-0.7,-0.4,-0.3
extinguish,-0.7,0.7,0.5
extrajudicial,-0.5,0.7,-0.5
extricate,0.2,0.5,0.3
exuberance,0.8,0.6,0.5
eyewitness,0.6,0.1,0.2
fabrication,0.6,0.1,0.2
fact,0.6,0.1,0.2
facts,0.6,0.1,0.2
faculty,0.6,0.1,0.2
faeces,-0.6,0.1,-0.4
failing,-0.425,0.375,0.0
failure,-0.6,0.1333,-0.4
fain,0.5333,0.4,0.3333
fainting,-0.3,0.3333,-0.3
fairly,0.6,0.1,0.2
faith,0.5333,0.4,0.3333
faithful,0.6,0.1,0.2
faithless,-0.7,-0.4,-0.3
fall,-0.7,-0.4,-0.3
fallacious,-0.7,0.7,0.5
falling,-0.7,-0.4,-0.3
falsehood,-0.05,0.4,0.35
falsification,-0.7,0.7,0.5
falsify,-0.6,0.1,-0.4
falsity,-0.6,0.1,-0.4
falter,-0.5,0.7,-0.5
familiar,0.6,0.1,0.2
familiarity,0.5333,0.4,0.3333
famine,-0.7,-0.4,-0.3
fanaticism,-0.5,0.7,-0.5
fancy,0.5,0.55,0.4
fanfare,0.4333,0.6,0.2333
fang,-0.5,0.7,-0.5
fangs,-0.5,0.7,-0.5
farcical,-0.6,0.1,-0.4
farm,0.2,0.5,0.3
fasting,-0.7,-0.4,-0.3
fat,-0.65,-0.15,-0.35
fatal,-0.6333,0.3333,-0.1
fatality,-0.6,0.15,-0.4
fate,0.2,0.5,0.3
father,0.6,0.1,0.2
fatigued,-0.7,-0.4,-0.3
fatty,-0.65,-0.15,-0.35
fault,-0.7,-0.4,-0.3
faultless,0.6,0.1,0.2
favorable,0.475,0.475,0.225
favorite,0.7,0.35,0.35
fear,-0.6,0.7,0.0
fearful,-0.6,0.15,-0.4
fearfully,-0.3,0.3333,-0.3
fearing,-0.5,0.7,-0.5
fearless,-0.5,0.7,-0.5
feat,0.4333,0.6,0.2333
fecal,-0.6,0.1,-0.4
feces,-0.6,0.1,-0.4
fee,-0.7,0.7,0.5
feeble,-0.7,-0.4,-0.3
feeling,-0.075,0.375,0.025
felicity,0.8,0.6,0.5
fell,-0.7,-0.4,-0.3
fellow,0.6,0.1,0.2
felon,-0.5,0.7,-0.5
fenced,-0.7,0.7,0.5
fender,0.6,0.1,0.2
ferment,0.2,0.5,0.3
fermentation,0.2,0.5,0.3
ferocious,-0.6,0.5,-0.1333
ferocity,-0.7,0.7,0.5
fervor,0.05,0.65,0.5
festival,0.4333,0.6,0.2333
festive,0.8,0.6,0.5
fete,0.4333,0.6,0.2333
feud,-0.7,0.7,0.5
feudalism,-0.7,0.15,0.1
fever,-0.5,0.7,-0.5
fib,-0.7,0.7,0.5
fidelity,0.7,0.35,0.35
fiend,-0.6,0.5,-0.1333
fierce,-0.6,0.5,-0.1333
fiesta,0.475,0.475,0.225
fight,-0.6,0.7,0.0
fighting,-0.7,0.7,0.5
fill,0.6,0.1,0.2
filth,-0.6,0.1,-0.4
filthy,-0.6,0.1,-0.4
finally,0.26,0.4,0.1
fire,-0.5,0.7,-0.5
firearms,-0.6,0.7,0.0
fireman,0.6,0.1,0.2
firmness,0.6,0.1,0.2
firstborn,0.5333,0.4,0.3333
fits,-0.7,0.7,0.5
fitting,0.5333,0.4,0.3333
fixed,0.6,0.1,0.2
flabby,-0.6,0.1,-0.4
flaccid,-0.7,-0.4,-0.3
flagrant,-0.65,0.4,0.05
flagship,0.6,0.1,0.2
flange,0.6,0.1,0.2
flattering,0.8,0.6,0.5
flatulence,-0.6,0.1,-0.4
flaw,-0.7,-0.4,-0.3
flea,-0.6,0.1,-0.4
fled,-0.5,0.7,-0.5
flee,-0.5,0.7,-0.5
fleece,-0.6667,0.1333,-0.0667
flesh,-0.6,0.1,-0.4
flinch,-0.26,0.32,-0.2
flirt,0.475,0.475,0.225
flog,-0.625,0.275,-0.175
flood,-0.5,0.7,-0.5
flop,-0.65,-0.15,-0.35
flounder,-0.6,0.15,-0.4
flu,-0.5,0.7,-0.5
fluctuation,-0.6,0.7,0.0
fluke,0.3,0.7,-0.1
flying,-0.5,0.7,-0.5
foe,-0.6,0.7,0.0
follower,0.6,0.1,0.2
fondness,0.8,0.6,0.5
food,0.7,0.35,0.35
fool,-0.6,0.1,-0.4
football,0.5,0.55,0.4
footing,0.6,0.1,0.2
foray,-0.7,0.7,0.5
forbid,-0.7,-0.4,-0.3
forbidding,-0.6,0.7,0.0
force,-0.6,0.7,0.0
forced,-0.5,0.7,-0.5
forcibly,-0.6,0.7,0.0
forearm,-0.25,0.6,0.4
foreboding,-0.15,0.6,-0.1
forecast,0.4,0.3,0.25
foreclose,-0.6,0.15,-0.4
forefathers,0.7,0.35,0.35
foreigner,-0.5,0.7,-0.5
foresee,0.3667,0.4333,0.1333
foreseen,0.2,0.5,0.3
foresight,0.4,0.3,0.25
forewarned,-0.15,0.6,-0.1
forfeit,-0.7,0.15,0.1
forfeiture,-0.6,0.15,-0.4
forgiving,0.6,0.1,0.2
forgotten,-0.6,0.15,-0.4
forlorn,-0.7,-0.4,-0.3
formality,0.6,0.1,0.2
formative,0.6,0.1,0.2
formidable,-0.5,0.7,-0.5
forming,0.2,0.5,0.3
formula,0.6,0.1,0.2
forsake,-0.7,-0.4,-0.3
forsaken,-0.7,0.15,0.1
fort,0.6,0.1,0.2
fortitude,0.7,0.35,0.35
fortress,-0.2,0.1333,-0.2
fortune,0.475,0.475,0.225
foul,-0.6,0.5,-0.1333
found,0.7,0.35,0.35
fragile,-0.6,0.15,-0.4
frailty,-0.7,-0.4,-0.3
framework,0.6,0.1,0.2
frank,0.6,0.1,0.2
frankness,0.6,0.1,0.2
frantic,-0.15,0.5,-0.175
fraternal,0.7,0.35,0.35
fraud,-0.7,0.7,0.5
fraudulent,-0.65,0.4,0.05
fraught,-0.6,0.15,-0.4
frayed,-0.7,-0.4,-0.3
freakish,-0.2667,0.5,-0.3333
freedom,0.7,0.35,0.35
freely,0.7,0.35,0.35
frenetic,-0.3,0.7,-0.0333
frenzied,-0.6,0.7,0.0
fret,-0.5,0.7,-0.5
friction,-0.7,0.7,0.5
friend,0.7,0.35,0.35
friendliness,0.7,0.35,0.35
friendly,0.5333,0.4,0.3333
friendship,0.7,0.35,0.35
frigate,-0.5,0.7,-0.5
fright,-0.1,0.7,-0.3
frighten,-0.3,0.3333,-0.3
frightened,-0.1,0.7,-0.3
frightful,-0.6333,0.3333,-0.1
frisky,0.4333,0.6,0.2333
frolic,0.8,0.6,0.5
frown,-0.7,-0.4,-0.3
frowning,-0.6667,0.1333,-0.0667
fruitless,-0.7,-0.4,-0.3
frustrate,-0.6667,0.1333,-0.0667
frustrated,-0.7,0.7,0.5
frustration,-0.7,0.7,0.5
fugitive,-0.38,0.24,-0.1
fulfill,0.8,0.6,0.5
fulfillment,0.5333,0.4,0.3333
fully,0.6,0.1,0.2
fuming,-0.7,0.7,0.5
fun,0.5,0.55,0.4
fundamental,0.6,0.1,0.2
funeral,-0.7,-0.4,-0.3
fungus,-0.6,0.1,-0.4
funk,-0.7,-0.4,-0.3
furious,-0.65,0.4,0.05
furiously,-0.7,0.7,0.5
furnace,-0.7,0.7,0.5
furor,-0.7,0.7,0.5
furrow,-0.7,-0.4,-0.3
fury,-0.6333,0.3333,-0.1
fuse,0.6,0.1,0.2
fuss,-0.7,0.15,0.1
fussy,-0.6,0.1,-0.4
futile,-0.7,-0.4,-0.3
gaby,-0.6,0.1,-0.4
gag,-0.6,0.1,-0.4
gage,0.6,0.1,0.2
gain,0.5,0.55,0.4
gall,-0.65,0.4,0.05
gallows,-0.6333,0.3333,-0.1
gambler,0.25,0.6,0.1
gambling,0.25,0.6,0.1
gang,-0.6,0.7,0.0
gape,0.3,0.7,-0.1
garbage,-0.6,0.1,-0.4
garden,0.8,0.6,0.5
garish,-0.15,0.4,-0.25
garrison,0.6,0.1,0.2
gash,-0.5,0.7,-0.5
gasp,0.3,0.7,-0.1
gasping,-0.5,0.7,-0.5
gate,0.6,0.1,0.2
gateway,0.6,0.1,0.2
gauging,0.6,0.1,0.2
gawk,0.3,0.7,-0.1
gazette,0.6,0.1,0.2
gelatin,-0.6,0.1,-0.4
gem,0.8,0.6,0.5
general,0.6,0.1,0.2
generosity,0.475,0.475,0.225
generous,0.7,0.35,0.35
genial,0.8,0.6,0.5
gent,-0.6,0.5,-0.1333
gentleman,0.6,0.1,0.2
gentry,0.6,0.1,0.2
genuine,0.6,0.1,0.2
geriatric,-0.7,-0.4,-0.3
germ,-0.2,0.3,-0.05
germination,0.2,0.5,0.3
ghastly,-0.55,0.4,-0.45
ghetto,-0.6,0.1333,-0.4
ghost,-0.5,0.7,-0.5
ghostly,-0.5,0.7,-0.5
giant,-0.5,0.7,-0.5
gibberish,-0.7,0.7,0.5
gift,0.4333,0.6,0.2333
giggle,0.8,0.6,0.5
girder,0.6,0.1,0.2
glad,0.5,0.55,0.4
gladiator,-0.5,0.7,-0.5
gladness,0.8,0.6,0.5
glare,-0.6,0.7,0.0
glaring,-0.7,0.7,0.5
glee,0.8,0.6,0.5
glide,0.5,0.55,0.4
glimmer,0.4333,0.6,0.2333
glitter,0.1,0.35,0.05
gloom,-0.7,-0.4,-0.3
gloomy,-0.7,-0.4,-0.3
glorification,0.8,0.6,0.5
glorify,0.475,0.475,0.225
glory,0.5333,0.4,0.3333
glow,0.5333,0.4,0.3333
glum,-0.7,-0.4,-0.3
glut,-0.6,0.1,-0.4
gluttony,-0.6,0.1,-0.4
gnome,-0.6,0.5,-0.1333
gob,-0.6,0.1,-0.4
goblin,-0.55,0.4,-0.45
god,0.275,0.475,0.125
godless,-0.7,0.7,0.5
godly,0.7,0.35,0.35
godsend,0.55,0.65,0.2
gonorrhea,-0.625,0.275,-0.175
goo,-0.6,0.1,-0.4
good,0.475,0.475,0.225
goodness,0.475,0.475,0.225
gore,-0.625,0.275,-0.175
gorge,-0.6,0.1,-0.4
gorgeous,0.8,0.6,0.5
gory,-0.625,0.275,-0.175
gospel,0.6,0.1,0.2
govern,0.6,0.1,0.2
governess,0.6,0.1,0.2
government,-0.5,0.7,-0.5
governor,0.6,0.1,0.2
grab,-0.7,0.7,0.5
gradual,0.2,0.5,0.3
graduation,0.28,0.52,0.08
grammar,0.6,0.1,0.2
grandchildren,0.5333,0.4,0.3333
grandfather,0.6,0.1,0.2
grant,0.5333,0.4,0.3333
grasping,0.2,0.5,0.3
grated,-0.7,0.7,0.5
gratify,0.55,0.65,0.2
grating,-0.65,0.4,0.05
gratitude,0.8,0.6,0.5
gratuitous,-0.6,0.1,-0.4
grave,-0.6,0.15,-0.4
gravitate,0.2,0.5,0.3
gray,-0.65,-0.15,-0.35
greasy,-0.6,0.1,-0.4
greatness,0.5667,0.4667,0.2
greed,-0.65,0.4,0.05
greedy,-0.6,0.1,-0.4
green,0.7,0.35,0.35
greeting,0.3,0.7,-0.1
grenade,-0.5,0.7,-0.5
grief,-0.7,-0.4,-0.3
grievance,-0.6667,0.1333,-0.0667
grieve,-0.6,0.15,-0.4
grievous,-0.6333,0.3333,-0.1
grim,-0.46,0.32,-0.08
grime,-0.6,0.1,-0.4
grimy,-0.6,0.1,-0.4
grin,0.475,0.475,0.225
grisly,-0.55,0.4,-0.45
grit,0.6,0.1,0.2
grizzly,-0.5,0.7,-0.5
groan,-0.65,-0.15,-0.35
grope,-0.6,0.5,-0.1333
gross,-0.6,0.1,-0.4
grotesque,-0.6,0.1,-0.4
ground,0.6,0.1,0.2
grounded,-0.6,0.15,-0.4
grow,0.5333,0.4,0.3333
growl,-0.6,0.7,0.0
growling,-0.6,0.5,-0.1333
grudge,-0.7,0.7,0.5
gruesome,-0.6,0.1,-0.4
gruff,-0.65,0.4,0.05
grumble,-0.65,0.4,0.05
grumpy,-0.6667,0.1333,-0.0667
guarantee,0.6,0.1,0.2
guard,0.05,0.4,-0.15
guarded,0.6,0.1,0.2
guardian,0.6,0.1,0.2
guardianship,0.6,0.1,0.2
gubernatorial,0.6,0.1,0.2
guerilla,-0.5,0.7,-0.5
guess,0.3,0.7,-0.1
guidance,0.6,0.1,0.2
guide,0.6,0.1,0.2
guidebook,0.6,0.1,0.2
guillotine,-0.46,0.32,-0.08
guilt,-0.65,-0.15,-0.35
guilty,-0.7,0.15,0.1
gullible,-0.05,-0.15,-0.05
gulp,-0.1,0.7,-0.3
gun,-0.6,0.7,0.0
gunpowder,-0.5,0.7,-0.5
guru,0.6,0.1,0.2
gush,0.1,0.35,0.05
gusset,0.6,0.1,0.2
gut,-0.6,0.1,-0.4
gutter,-0.6,0.1,-0.4
habitual,0.2,0.5,0.3
hag,-0.55,0.4,-0.45
haggard,-0.7,-0.4,-0.3
hail,0.6,0.1,0.2
hairy,-0.6,0.1,-0.4
hallucination,-0.5,0.7,-0.5
halter,-0.6333,0.3333,-0.1
halting,-0.6,0.15,-0.4
hamstring,-0.7,0.15,0.1
handbook,0.6,0.1,0.2
handicap,-0.7,-0.4,-0.3
hanging,-0.625,0.275,-0.175
hangman,-0.5,0.7,-0.5
hankering,0.2,0.5,0.3
hap,0.25,0.6,0.1
happen,0.2,0.5,0.3
happily,0.8,0.6,0.5
happiness,0.5,0.55,0.4
happy,0.5333,0.4,0.3333
harass,-0.65,0.4,0.05
harassing,-0.7,0.7,0.5
harbinger,-0.3333,0.6333,0.1
harbor,0.6,0.1,0.2
hardened,-0.6,0.5,-0.1333
hardship,-0.7,-0.4,-0.3
hardy,0.7,0.35,0.35
harlot,-0.6,0.1,-0.4
harm,-0.5,0.7,-0.5
harmful,-0.625,0.275,-0.175
harmoniously,0.7,0.35,0.35
harmony,0.7,0.35,0.35
harrowing,-0.5,0.7,-0.5
harry,-0.7,0.15,0.1
harshness,-0.6,0.7,0.0
harvest,0.5,0.55,0.4
haste,0.2,0.5,0.3
hate,-0.625,0.275,-0.175
hateful,-0.625,0.275,-0.175
hating,-0.7,0.7,0.5
hatred,-0.625,0.275,-0.175
haughty,-0.7,0.7,0.5
haunt,-0.5,0.7,-0.5
haunted,-0.6,0.15,-0.4
haven,0.6,0.1,0.2
havoc,-0.6,0.7,0.0
hawk,-0.5,0.7,-0.5
hazard,-0.5,0.7,-0.5
hazardous,-0.5,0.7,-0.5
haze,-0.5,0.7,-0.5
headlight,0.2,0.5,0.3
heal,0.7,0.35,0.35
healing,0.5333,0.4,0.3333
healthful,0.8,0.6,0.5
hearing,-0.5,0.7,-0.5
hearse,-0.6,0.15,-0.4
heartache,-0.7,-0.4,-0.3
heartfelt,0.2333,0.1,0.1333
heartily,0.8,0.6,0.5
heartless,-0.7,-0.4,-0.3
heartworm,-0.6,0.1,-0.4
heathen,-0.5,0.7,-0.5
heavenly,0.5333,0.4,0.3333
heavens,0.7,0.35,0.35
hedonism,0.8,0.6,0.5
heft,-0.15,0.6,-0.1
heighten,-0.5,0.7,-0.5
hell,-0.625,0.275,-0.175
hellish,-0.625,0.275,-0.175
helmet,-0.5,0.7,-0.5
helper,0.6,0.1,0.2
helpful,0.7,0.35,0.35
helpless,-0.6,0.15,-0.4
helplessness,-0.6,0.15,-0.4
hemorrhage,-0.6,0.1333,-0.4
heretic,-0.6,0.1,-0.4
heritage,0.6,0.1,0.2
hermaphrodite,0.3,0.7,-0.1
hermit,-0.05,-0.15,-0.05
hero,0.475,0.475,0.225
heroic,0.5667,0.4667,0.2
heroine,0.6,0.1,0.2
heroism,0.475,0.475,0.225
herpes,-0.6,0.1,-0.4
herpesvirus,-0.6,0.1,-0.4
hesitation,-0.5,0.7,-0.5
heyday,0.5333,0.4,0.3333
hide,-0.5,0.7,-0.5
hideous,-0.6,0.1333,-0.4
hiding,-0.5,0.7,-0.5
highest,0.2,0.625,0.05
hilarious,0.55,0.65,0.2
hilarity,0.8,0.6,0.5
hindering,-0.7,-0.4,-0.3
hire,0.5333,0.4,0.3333
hiss,-0.6,0.7,0.0
hit,-0.7,0.7,0.5
hoary,-0.7,-0.4,-0.3
hoax,-0.425,0.275,-0.075
hobby,0.8,0.6,0.5
hobo,-0.7,-0.4,-0.3
hog,-0.6,0.1,-0.4
holiday,0.5,0.55,0.4
holiness,0.28,0.52,0.08
hollow,-0.7,-0.4,-0.3
holocaust,-0.625,0.275,-0.175
homeless,-0.46,0.32,-0.08
homesick,-0.7,-0.4,-0.3
homework,-0.5,0.7,-0.5
homicidal,-0.6,0.7,0.0
homicide,-0.625,0.275,-0.175
honest,-0.1833,0.3,0.0
honesty,0.6,0.1,0.2
honeymoon,0.475,0.475,0.225
honor,0.6,0.1,0.2
honorable,0.6,0.1,0.2
hood,-0.6,0.5,-0.1333
hooded,-0.5,0.7,-0.5
hoot,-0.65,0.4,0.05
hope,0.475,0.475,0.225
hopeful,0.475,0.475,0.225
hopeless,-0.6,0.15,-0.4
hopelessness,-0.625,0.275,-0.175
horde,0.3,0.7,-0.1
horizon,0.2,0.5,0.3
horoscope,0.2,0.5,0.3
horrible,-0.6,0.5,-0.1333
horrid,-0.625,0.275,-0.175
horrific,-0.625,0.275,-0.175
horrified,-0.5,0.7,-0.5
horrifying,-0.6,0.1333,-0.4
horror,-0.44,0.36,-0.16
horrors,-0.6,0.15,-0.4
horse,0.6,0.1,0.2
hospice,-0.7,-0.4,-0.3
hospital,-0.2,0.1333,-0.2
hostage,-0.6,0.7,0.0
hostile,-0.6,0.5,-0.1333
hostilities,-0.6,0.7,0.0
hostility,-0.65,0.4,0.05
hot,-0.7,0.7,0.5
howl,-0.44,0.36,-0.16
huff,-0.65,0.4,0.05
hug,0.7,0.35,0.35
hulk,-0.6,0.1,-0.4
humanitarian,0.475,0.475,0.225
humanity,0.7,0.35,0.35
humble,-0.65,-0.15,-0.35
humbled,-0.7,-0.4,-0.3
humbug,-0.6667,0.1333,-0.0667
humiliate,-0.7,0.15,0.1
humiliating,-0.6,0.1,-0.4
humiliation,-0.65,-0.15,-0.35
humility,0.6,0.1,0.2
humorous,0.8,0.6,0.5
hungry,0.2,0.5,0.3
hunter,-0.3333,0.2667,-0.1667
hunting,-0.3333,0.6333,0.1
hurrah,0.8,0.6,0.5
hurricane,-0.5,0.7,-0.5
hurried,0.2,0.5,0.3
hurry,0.2,0.5,0.3
hurt,-0.6333,0.3333,-0.1
hurtful,-0.625,0.275,-0.175
hurting,-0.6333,0.3333,-0.1
husbandry,0.6,0.1,0.2
hut,-0.7,-0.4,-0.3
hydra,-0.5,0.7,-0.5
hydrocephalus,-0.6,0.1333,-0.4
hymn,0.225,0.2,0.175
hype,0.2,0.5,0.3
hypertrophy,-0.2667,0.5,-0.3333
hypocrite,-0.6,0.1,-0.4
hypocritical,-0.6,0.1,-0.4
hypothesis,0.25,0.6,0.1
hysteria,-0.5,0.7,-0.5
hysterical,-0.6,0.7,0.0
idiocy,-0.6667,0.1333,-0.0667
idiot,-0.6,0.1,-0.4
idiotic,-0.65,0.4,0.05
idolatry,-0.55,0.4,-0.45
ignorant,-0.6,0.1,-0.4
ill,-0.625,0.275,-0.175
illegal,-0.625,0.275,-0.175
illegality,-0.6,0.5,-0.1333
illegitimate,-0.44,0.36,-0.16
illicit,-0.6,0.5,-0.1333
illiterate,-0.6,0.1,-0.4
illness,-0.6,0.15,-0.4
illuminate,0.4333,0.6,0.2333
illumination,0.5667,0.4667,0.2
illusion,0.3,0.7,-0.1
immaculate,0.7,0.35,0.35
immature,0.2,0.5,0.3
immaturity,-0.25,0.6,0.4
immediacy,0.3,0.7,-0.1
immediately,0.2,0.5,0.3
immerse,0.28,0.52,0.08
immigrant,-0.5,0.7,-0.5
imminent,-0.15,0.6,-0.1
immoral,-0.625,0.275,-0.175
immorality,-0.65,0.4,0.05
immortality,0.2,0.5,0.3
immovable,0.6,0.1,0.2
immunization,0.6,0.1,0.2
impart,0.6,0.1,0.2
impartial,0.6,0.1,0.2
impartiality,0.6,0.1,0.2
impatient,0.2,0.5,0.3
impeach,-0.55,0.4,-0.45
impeccable,0.6,0.1,0.2
impending,-0.15,0.6,-0.1
impenetrable,0.6,0.1,0.2
impermeable,-0.6,0.7,0.0
implicate,-0.7,0.7,0.5
impolite,-0.6,0.1,-0.4
importance,0.2,0.5,0.3
important,0.6,0.1,0.2
impossible,-0.7,-0.4,-0.3
impotence,-0.6333,0.3333,-0.1
impressionable,0.6,0.1,0.2
imprisoned,-0.625,0.275,-0.175
imprisonment,-0.625,0.275,-0.175
improve,0.5333,0.4,0.3333
improvement,0.7,0.35,0.35
improvisation,0.3,0.7,-0.1
improvise,0.25,0.6,0.1
imprudent,-0.7,-0.4,-0.3
impure,-0.6,0.1,-0.4
impurity,-0.6,0.1,-0.4
inability,-0.7,-0.4,-0.3
inadequate,-0.7,-0.4,-0.3
inadmissible,-0.65,0.4,0.05
inappropriate,-0.6667,0.1333,-0.0667
inattention,-0.7,0.7,0.5
inaugural,0.2,0.5,0.3
inauguration,0.5333,0.4,0.3333
incarceration,-0.625,0.275,-0.175
incase,-0.625,0.275,-0.175
incendiary,-0.3,0.7,-0.0333
incense,-0.7,0.7,0.5
incest,-0.625,0.275,-0.175
incestuous,-0.6,0.1,-0.4
incident,0.3,0.7,-0.1
incite,-0.3333,0.6333,0.1
incline,0.6,0.1,0.2
inclusion,0.6,0.1,0.2
income,0.225,0.2,0.175
incompatible,-0.6667,0.1333,-0.0667
incompetent,-0.7,0.15,0.1
incongruous,-0.7,0.7,0.5
inconsequential,-0.7,-0.4,-0.3
inconsiderate,-0.6667,0.1333,-0.0667
incontinence,0.3,0.7,-0.1
inconvenient,-0.6667,0.1333,-0.0667
incredulous,-0.65,0.4,0.05
incrimination,-0.6,0.15,-0.4
incubus,-0.55,0.4,-0.45
incurable,-0.625,0.275,-0.175
incursion,-0.5,0.7,-0.5
indecency,-0.65,0.4,0.05
indecent,-0.6,0.1,-0.4
indefensible,-0.5,0.7,-0.5
indelible,0.6,0.1,0.2
indemnity,0.6,0.1,0.2
indent,0.6,0.1,0.2
indenture,-0.7,0.7,0.5
independence,0.475,0.475,0.225
indestructible,0.6,0.1,0.2
indict,-0.6,0.7,0.0
indictment,-0.5,0.7,-0.5
indifference,-0.625,0.275,-0.175
indigent,-0.7,-0.4,-0.3
indignant,-0.7,0.7,0.5
indignation,-0.65,0.4,0.05
indivisible,0.6,0.1,0.2
indoctrination,-0.6,0.7,0.0
indomitable,-0.5,0.7,-0.5
ineffectual,-0.6,0.1,-0.4
inefficiency,-0.65,-0.15,-0.35
inefficient,-0.7,-0.4,-0.3
inept,-0.65,0.4,0.05
ineptitude,-0.6,0.1333,-0.4
inequality,-0.6333,0.3333,-0.1
inexcusable,-0.6667,0.1333,-0.0667
inexplicable,0.3,0.7,-0.1
infallibility,0.6,0.1,0.2
infamous,-0.6,0.5,-0.1333
infamy,-0.7,-0.4,-0.3
infant,0.2,0.625,0.05
infanticide,-0.46,0.32,-0.08
infantile,-0.65,0.4,0.05
infarct,-0.1,0.7,-0.3
infect,-0.6,0.1,-0.4
infection,-0.5,0.7,-0.5
infectious,-0.6,0.1333,-0.4
inferior,-0.7,-0.4,-0.3
inferno,-0.6,0.7,0.0
infertility,-0.7,-0.4,-0.3
infestation,-0.55,0.4,-0.45
infidel,-0.6,0.5,-0.1333
infidelity,-0.625,0.275,-0.175
infinity,0.5333,0.4,0.3333
infirmity,-0.5,0.7,-0.5
inflation,-0.5,0.7,-0.5
inflict,-0.6333,0.3333,-0.1
infliction,-0.6,0.15,-0.4
influential,0.6,0.1,0.2
inform,0.6,0.1,0.2
infraction,-0.7,0.7,0.5
infrequent,0.3,0.7,-0.1
inheritance,0.475,0.475,0.225
inhibit,-0.6667,0.1333,-0.0667
inhospitable,-0.7,-0.4,-0.3
inhuman,-0.625,0.275,-0.175
inhumanity,-0.7,-0.4,-0.3
inimical,-0.7,0.15,0.1
inimitable,0.6,0.1,0.2
iniquity,-0.6,0.1,-0.4
injection,-0.5,0.7,-0.5
injure,-0.6333,0.3333,-0.1
injured,-0.6,0.15,-0.4
injurious,-0.6333,0.3333,-0.1
injury,-0.6333,0.3333,-0.1
injustice,-0.7,0.7,0.5
inmate,-0.55,0.4,-0.45
innocent,0.6,0.1,0.2
inoculation,0.4,0.3,0.25
inoperative,-0.7,0.7,0.5
inquiry,0.2,0.5,0.3
insane,-0.6,0.7,0.0
insanity,-0.625,0.275,-0.175
insecure,-0.6333,0.3333,-0.1
insecurity,-0.5,0.7,-0.5
inseparable,0.7,0.35,0.35
insidious,-0.6,0.5,-0.1333
insignificant,-0.7,0.15,0.1
insolvency,-0.3,0.3333,-0.3
insolvent,-0.2,0.1333,-0.2
inspiration,0.5,0.55,0.4
inspire,0.5333,0.4,0.3333
inspired,0.5667,0.4667,0.2
instability,-0.55,0.4,-0.45
install,0.2,0.5,0.3
instinctive,-0.6,0.5,-0.1333
institute,0.6,0.1,0.2
instruct,0.6,0.1,0.2
instruction,0.6,0.1,0.2
instructions,0.4,0.3,0.25
instructor,0.4,0.3,0.25
insufficiency,-0.7,0.7,0.5
insulation,0.6,0.1,0.2
insult,-0.425,0.275,-0.075
insulting,-0.625,0.275,-0.175
insure,0.6,0.1,0.2
insurmountable,-0.6,0.15,-0.4
insurrection,-0.7,0.7,0.5
intact,0.6,0.1,0.2
integrity,0.6,0.1,0.2
intelligence,0.3,0.4667,0.0667
intelligent,0.6,0.1,0.2
intend,0.6,0.1,0.2
intended,0.2,0.5,0.3
intense,-0.0167,0.4833,0.0333
inter,-0.7,-0.4,-0.3
intercede,-0.6,0.15,-0.4
intercession,0.6,0.1,0.2
interested,-0.65,-0.15,-0.35
interim,0.2,0.5,0.3
interior,0.0,0.1,-0.1
interment,-0.7,-0.4,-0.3
interminable,-0.25,0.6,0.4
intermission,0.2,0.5,0.3
interrogate,-0.5,0.7,-0.5
interrogation,-0.5,0.7,-0.5
interrupt,-0.2,0.7,0.2
interrupted,-0.7,-0.4,-0.3
intervention,-0.7,-0.4,-0.3
interviewer,-0.5,0.7,-0.5
intestinal,-0.6,0.1,-0.4
intimate,0.5333,0.4,0.3333
intimately,0.1667,0.6,0.1
intimidate,-0.5,0.7,-0.5
intimidation,-0.6,0.7,0.0
intolerable,-0.7,0.7,0.5
intolerance,-0.6,0.5,-0.1333
intolerant,-0.625,0.275,-0.175
intoxicated,-0.6,0.1,-0.4
intractable,-0.7,0.7,0.5
intrigue,0.0,0.6333,-0.1
intruder,-0.3,0.7,-0.0333
intrusion,-0.5,0.7,-0.5
intrusive,-0.375,0.55,-0.125
intuition,0.6,0.1,0.2
intuitively,0.2,0.5,0.3
invade,-0.4,0.425,-0.1
invader,-0.6333,0.3333,-0.1
invalid,-0.7,-0.4,-0.3
invasion,-0.7,0.7,0.5
investigation,0.2,0.5,0.3
invitation,0.2,0.5,0.3
invite,0.475,0.475,0.225
inviting,0.475,0.475,0.225
invocation,0.4,0.3,0.25
invoke,0.2,0.5,0.3
involution,-0.7,0.7,0.5
involvement,-0.7,0.7,0.5
irate,-0.7,0.7,0.5
ire,-0.7,0.7,0.5
iris,-0.5,0.7,-0.5
iron,0.6,0.1,0.2
irrational,-0.55,0.4,-0.45
irreconcilable,-0.6333,0.3333,-0.1
irrefutable,0.6,0.1,0.2
irreparable,-0.6,0.15,-0.4
irritability,-0.7,0.7,0.5
irritable,-0.7,0.7,0.5
irritating,-0.65,0.4,0.05
irritation,-0.6667,0.1333,-0.0667
isolate,-0.7,-0.4,-0.3
isolated,-0.6,0.15,-0.4
isolation,-0.7,-0.4,-0.3
jab,-0.7,0.7,0.5
jackpot,0.4333,0.6,0.2333
jail,-0.6,0.15,-0.4
janitor,-0.6,0.1,-0.4
jarring,-0.6,0.15,-0.4
jaundice,-0.5,0.7,-0.5
jaws,-0.5,0.7,-0.5
jealous,-0.65,0.4,0.05
jealousy,-0.625,0.275,-0.175
jeopardize,-0.6,0.7,0.0
jeopardy,-0.15,0.6,-0.1
jerk,-0.2,0.7,0.2
jest,0.55,0.65,0.2
john,-0.6,0.1,-0.4
joker,0.55,0.65,0.2
jolt,0.3,0.7,-0.1
journalism,0.6,0.1,0.2
journey,0.1667,0.6,0.1
journeyman,0.6,0.1,0.2
jovial,0.8,0.6,0.5
joy,0.8,0.6,0.5
joyful,0.7,0.35,0.35
joyous,0.8,0.6,0.5
jubilant,0.5667,0.4667,0.2
jubilee,0.55,0.65,0.2
judgment,0.3,0.7,-0.1
judicial,0.4,0.3,0.25
judiciary,0.4,0.3,0.25
judicious,0.6,0.1,0.2
jump,0.8,0.6,0.5
jungle,-0.5,0.7,-0.5
jurisprudence,-0.7,-0.4,-0.3
jurist,0.6,0.1,0.2
jury,0.6,0.1,0.2
justice,0.6,0.1,0.2
justifiable,0.6,0.1,0.2
kennel,-0.7,-0.4,-0.3
kerosene,-0.5,0.7,-0.5
khan,0.05,0.4,-0.15
kick,-0.7,0.7,0.5
kicking,-0.7,0.7,0.5
kidnap,-0.4,0.425,-0.1
kill,-0.6,0.15,-0.4
killing,-0.6333,0.3333,-0.1
kind,0.7,0.35,0.35
kindred,0.5333,0.4,0.3333
kiss,0.4333,0.6,0.2333
kite,-0.6,0.1,-0.4
kitten,0.7,0.35,0.35
knell,-0.6,0.15,-0.4
knickers,0.6,0.1,0.2
kudos,0.8,0.6,0.5
label,0.6,0.1,0.2
labor,0.475,0.475,0.225
labored,-0.7,-0.4,-0.3
labyrinth,0.2,0.5,0.3
lace,-0.325,0.275,-0.025
lagging,-0.45,0.225,0.025
lamb,0.7,0.35,0.35
lament,-0.6,0.1333,-0.4
lamenting,-0.7,-0.4,-0.3
landmark,0.6,0.1,0.2
landslide,-0.6,0.15,-0.4
languishing,-0.6,0.15,-0.4
larceny,-0.6,0.1,-0.4
larger,0.1,0.3,-0.1
laser,0.6,0.1,0.2
lash,-0.6,0.7,0.0
late,-0.7,-0.4,-0.3
latent,-0.2,0.5,0.075
latrines,-0.6,0.1,-0.4
laugh,0.55,0.65,0.2
laughable,-0.6,0.1,-0.4
laughing,0.8,0.6,0.5
laughter,0.4333,0.6,0.2333
launch,0.2,0.5,0.3
laureate,0.6,0.1,0.2
laurels,0.8,0.6,0.5
lava,-0.6,0.7,0.0
lavatory,-0.6,0.1,-0.4
law,0.6,0.1,0.2
lawful,0.6,0.1,0.2
lawlessness,-0.6,0.7,0.0
lawsuit,-0.44,0.36,-0.16
lawyer,-0.6,0.5,-0.1333
lax,-0.7,-0.4,-0.3
laxative,-0.55,0.4,-0.45
leader,0.6,0.1,0.2
leading,0.6,0.1,0.2
leaning,0.6,0.1,0.2
leave,-0.2,0.15,-0.2
leeches,-0.55,0.4,-0.45
leer,-0.6,0.1,-0.4
leery,0.3,0.7,-0.1
legal,0.6,0.1,0.2
legalized,0.05,0.525,0.175
legislator,0.6,0.1,0.2
legislature,0.6,0.1,0.2
legitimacy,0.6,0.1,0.2
leisure,0.475,0.475,0.225
lemon,-0.6,0.1,-0.4
lender,0.6,0.1,0.2
leprosy,-0.6,0.1333,-0.4
lesbian,-0.65,-0.15,-0.35
lessen,0.2,0.5,0.3
lesser,-0.6,0.1,-0.4
lesson,0.4,0.3,0.25
lethal,-0.6,0.1333,-0.4
lethargy,-0.7,-0.4,-0.3
letter,0.2,0.5,0.3
lettered,0.4,0.3,0.25
leukemia,-0.6333,0.3333,-0.1
levee,0.6,0.1,0.2
level,0.6,0.1,0.2
lewd,-0.6,0.1,-0.4
liar,-0.6,0.1,-0.4
libel,-0.2,0.5,0.0667
liberate,0.24,0.52,0.28
liberation,0.4333,0.6,0.2333
liberty,0.475,0.475,0.225
lick,-0.6,0.1,-0.4
lie,-0.6667,0.1333,-0.0667
lieutenant,0.6,0.1,0.2
lifeless,-0.6,0.15,-0.4
lightning,-0.3,0.7,-0.0333
liking,0.7,0.35,0.35
limited,-0.7,0.15,0.1
lines,-0.5,0.7,-0.5
linger,0.2,0.5,0.3
linguist,0.6,0.1,0.2
lion,-0.5,0.7,-0.5
liquor,-0.2,0.3,0.2333
listless,-0.7,-0.4,-0.3
litigate,-0.46,0.32,-0.08
litigious,-0.65,0.4,0.05
livid,-0.65,0.4,0.05
loath,-0.7,0.7,0.5
loathe,-0.65,0.4,0.05
loathing,-0.6,0.1,-0.4
loathsome,-0.65,0.4,0.05
localize,0.2,0.5,0.3
lockup,-0.6,0.15,-0.4
locust,-0.5,0.7,-0.5
lodging,0.6,0.1,0.2
lone,-0.7,-0.4,-0.3
loneliness,-0.6,0.15,-0.4
lonely,-0.625,0.275,-0.175
lonesome,-0.7,-0.4,-0.3
long,0.2,0.5,0.3
longing,-0.25,0.05,0.0
loo,-0.6,0.1,-0.4
loom,-0.15,0.6,-0.1
loon,-0.6,0.1,-0.4
lord,0.0,0.1,-0.1
lose,-0.44,0.36,-0.16
losing,-0.7,0.15,0.1
loss,-0.6333,0.3333,-0.1
lost,-0.7,-0.4,-0.3
lottery,0.2,0.5,0.3
loudness,-0.7,0.7,0.5
louse,-0.6,0.1,-0.4
lovable,0.7,0.35,0.35
love,0.8,0.6,0.5
lovely,0.24,0.3,0.12
lovemaking,0.7,0.35,0.35
lover,0.5333,0.4,0.3333
loving,0.7,0.35,0.35
lower,-0.7,-0.4,-0.3
lowest,-0.7,-0.4,-0.3
lowly,-0.7,-0.4,-0.3
loyal,0.3,0.525,0.025
loyalty,0.6,0.1,0.2
luck,0.4333,0.6,0.2333
lucky,0.55,0.65,0.2
lull,0.2,0.5,0.3
lumpy,-0.6,0.1,-0.4
lunacy,-0.625,0.275,-0.175
lunatic,-0.6,0.5,-0.1333
lunge,0.3,0.7,-0.1
lurid,-0.6,0.1,-0.4
luscious,0.5,0.55,0.4
lush,-0.65,-0.15,-0.35
lust,0.2,0.5,0.3
luster,0.8,0.6,0.5
lusty,-0.6,0.1,-0.4
luxurious,0.8,0.6,0.5
luxury,0.8,0.6,0.5
lying,-0.65,0.4,0.05
lynch,-0.625,0.275,-0.175
lyre,0.8,0.6,0.5
lyrical,0.8,0.6,0.5
mace,-0.5,0.7,-0.5
machine,0.6,0.1,0.2
mad,-0.625,0.275,-0.175
madden,-0.6,0.7,0.0
madman,-0.6,0.7,0.0
madness,-0.6,0.7,0.0
mafia,-0.5,0.7,-0.5
mage,-0.5,0.7,-0.5
maggot,-0.6,0.1,-0.4
magical,0.4333,0.6,0.2333
magician,0.3,0.7,-0.1
magnet,0.6,0.1,0.2
magnificence,0.5333,0.4,0.3333
magnificent,0.475,0.475,0.225
mail,0.2,0.5,0.3
mainstay,0.6,0.1,0.2
maintenance,0.6,0.1,0.2
majestic,0.475,0.475,0.225
majesty,0.6,0.1,0.2
majority,0.7,0.35,0.35
malaise,-0.7,-0.4,-0.3
malaria,-0.6,0.1333,-0.4
malevolent,-0.625,0.275,-0.175
malfeasance,-0.6,0.1,-0.4
malice,-0.6,0.7,0.0
malicious,-0.625,0.275,-0.175
malign,-0.65,0.4,0.05
malignancy,-0.6,0.15,-0.4
malignant,-0.6,0.7,0.0
malpractice,-0.7,0.7,0.5
mamma,0.6,0.1,0.2
manage,0.6,0.1,0.2
management,0.6,0.1,0.2
mandamus,-0.5,0.7,-0.5
mandarin,0.6,0.1,0.2
mange,-0.55,0.4,-0.45
mangle,-0.625,0.275,-0.175
maniac,-0.6,0.7,0.0
manifestation,-0.5,0.7,-0.5
manipulation,-0.6,0.7,0.0
manslaughter,-0.44,0.36,-0.16
manual,0.6,0.1,0.2
manure,-0.6,0.1,-0.4
margin,-0.7,-0.4,-0.3
marine,0.6,0.1,0.2
marriage,0.5333,0.4,0.3333
marrow,0.7,0.35,0.35
marry,0.28,0.52,0.08
marshal,0.6,0.1,0.2
martial,-0.7,0.7,0.5
martyr,-0.6,0.15,-0.4
martyrdom,-0.6,0.15,-0.4
marvel,0.3,0.7,-0.1
marvelous,0.8,0.6,0.5
marvelously,0.8,0.6,0.5
masochism,-0.6,0.5,-0.1333
massacre,-0.625,0.275,-0.175
massage,0.8,0.6,0.5
masterpiece,0.8,0.6,0.5
mastery,0.2333,0.4667,0.4
matchmaker,0.2,0.5,0.3
mate,0.6,0.1,0.2
materialist,-0.6,0.1,-0.4
maternal,0.2,0.5,0.3
mathematical,0.6,0.1,0.2
matrimony,0.5333,0.4,0.3333
matron,0.6,0.1,0.2
mausoleum,-0.7,-0.4,-0.3
maxim,0.6,0.1,0.2
meaningless,-0.7,-0.4,-0.3
measles,-0.6,0.1333,-0.4
measure,0.6,0.1,0.2
measured,0.6,0.1,0.2
medal,0.475,0.475,0.225
meddle,-0.7,0.7,0.5
mediate,0.4,0.3,0.25
mediator,0.4,0.3,0.25
medical,0.1,0.4333,0.0
meditate,0.5333,0.4,0.3333
meek,-0.7,-0.4,-0.3
melancholic,-0.7,-0.4,-0.3
melancholy,-0.7,-0.4,-0.3
melee,-0.5,0.7,-0.5
melodrama,-0.7,0.15,0.1
meltdown,-0.7,-0.4,-0.3
memorable,0.5667,0.4667,0.2
memorials,-0.7,-0.4,-0.3
menace,-0.6,0.7,0.0
menacing,-0.6,0.7,0.0
mentor,0.6,0.1,0.2
mercenary,-0.5,0.7,-0.5
merchant,0.6,0.1,0.2
merciless,-0.5,0.7,-0.5
merge,0.2,0.5,0.3
merit,0.6,0.1,0.2
meritorious,0.7,0.35,0.35
merriment,0.55,0.65,0.2
merry,0.8,0.6,0.5
mess,-0.6,0.1,-0.4
messenger,0.6,0.1,0.2
messy,-0.6,0.1,-0.4
microscope,0.6,0.1,0.2
midwife,0.5333,0.4,0.3333
mighty,0.05,0.525,0.175
mildew,-0.6,0.1,-0.4
military,-0.5,0.7,-0.5
militia,-0.6333,0.3333,-0.1
mill,0.2,0.5,0.3
mimicry,0.3,0.7,-0.1
ministry,0.7,0.35,0.35
miracle,0.475,0.475,0.225
miraculous,0.55,0.65,0.2
mire,-0.6,0.1,-0.4
mirth,0.8,0.6,0.5
misbehavior,-0.3333,0.5,-0.0
miscarriage,-0.6,0.15,-0.4
misconception,-0.6,0.5,-0.1333
misconduct,-0.6,0.1,-0.4
miserable,-0.6667,0.1333,-0.0667
miserably,-0.7,-0.4,-0.3
misery,-0.625,0.275,-0.175
misfortune,-0.6,0.15,-0.4
misguided,-0.6,0.1,-0.4
mishap,-0.375,0.275,-0.325
mislead,-0.2,0.5,0.0667
misleading,-0.65,0.4,0.05
misplace,-0.65,0.4,0.05
misrepresentation,-0.7,-0.4,-0.3
misrepresented,-0.7,0.7,0.5
missile,-0.5,0.7,-0.5
missing,-0.6,0.15,-0.4
misstatement,-0.65,0.4,0.05
mistake,-0.7,-0.4,-0.3
mistaken,-0.5,0.7,-0.5
mistress,-0.65,0.4,0.05
mistrust,-0.55,0.4,-0.45
misunderstanding,-0.7,0.15,0.1
mite,-0.6,0.1,-0.4
moan,-0.6,0.15,-0.4
moat,0.6,0.1,0.2
mob,-0.6,0.7,0.0
mobile,0.2,0.5,0.3
mockery,-0.6,0.1,-0.4
mocking,-0.6667,0.1333,-0.0667
moderator,0.6,0.1,0.2
modest,0.6,0.1,0.2
modify,0.3,0.7,-0.1
molestation,-0.625,0.275,-0.175
momentum,0.2,0.5,0.3
monetary,0.2,0.5,0.3
money,0.24,0.52,0.28
monk,0.6,0.1,0.2
monochrome,-0.6,0.1,-0.4
monogamy,0.6,0.1,0.2
monsoon,-0.7,-0.4,-0.3
monster,-0.5,0.7,-0.5
monstrosity,-0.375,0.55,-0.125
moody,-0.7,0.15,0.1
moorings,0.6,0.1,0.2
moral,-0.05,0.4,0.35
morality,0.6,0.1,0.2
morals,0.1,0.45,0.1667
morbid,-0.7,-0.4,-0.3
morbidity,-0.625,0.275,-0.175
morgue,-0.6,0.1333,-0.4
moribund,-0.7,-0.4,-0.3
morn,0.2,0.5,0.3
morrow,0.2,0.5,0.3
mortality,-0.6333,0.3333,-0.1
mortgage,-0.5,0.7,-0.5
mortgagee,0.6,0.1,0.2
mortgagor,-0.5,0.7,-0.5
mortification,-0.4,0.225,-0.225
mortuary,-0.6,0.15,-0.4
mosque,-0.7,0.7,0.5
mosquito,-0.65,0.4,0.05
mother,0.225,0.2,0.175
motherhood,0.7,0.35,0.35
motion,0.2,0.5,0.3
mountain,0.2,0.5,0.3
mourn,-0.7,-0.4,-0.3
mournful,-0.6333,0.3333,-0.1
mourning,-0.7,-0.4,-0.3
mouth,0.3,0.7,-0.1
mouthful,-0.6,0.1,-0.4
muck,-0.6,0.1,-0.4
mucous,-0.6,0.1,-0.4
mucus,-0.6,0.1,-0.4
muddy,-0.6,0.1,-0.4
muff,-0.65,0.4,0.05
mug,-0.6333,0.3333,-0.1
mule,-0.05,0.4,0.35
mum,-0.5,0.7,-0.5
murder,-0.44,0.36,-0.16
murderer,-0.625,0.275,-0.175
murderous,-0.44,0.36,-0.16
murky,-0.65,-0.15,-0.35
music,0.05,0.1,0.1
musical,0.0833,0.3667,0.1833
musket,-0.5,0.7,-0.5
musty,-0.6,0.1,-0.4
mutable,0.2,0.5,0.3
mutilated,-0.6,0.1,-0.4
mutilation,-0.625,0.275,-0.175
mutiny,-0.375,0.55,-0.125
mutter,-0.7,0.7,0.5
muzzle,-0.5,0.7,-0.5
myopia,-0.7,0.15,0.1
mysterious,0.0,0.6333,-0.1
mystery,0.25,0.6,0.1
mystic,0.3,0.7,-0.1
nab,0.3,0.7,-0.1
nag,-0.7,0.7,0.5
nameless,-0.6,0.1,-0.4
nap,0.8,0.6,0.5
napkin,-0.7,-0.4,-0.3
nappy,-0.6,0.1,-0.4
nascent,0.2,0.5,0.3
nasty,-0.625,0.275,-0.175
nation,0.6,0.1,0.2
nausea,-0.6,0.1,-0.4
nauseous,-0.65,-0.15,-0.35
navigable,0.2,0.5,0.3
navigator,0.4,0.3,0.25
necessity,-0.7,-0.4,-0.3
nefarious,-0.375,0.275,-0.325
negation,-0.7,0.7,0.5
negative,-0.7,-0.4,-0.3
neglected,-0.6667,0.1333,-0.0667
negotiate,0.6,0.1,0.2
negro,-0.7,-0.4,-0.3
neighbor,0.4,0.3,0.25
neighborhood,0.2,0.5,0.3
nepotism,-0.6667,0.1333,-0.0667
nervous,-0.15,0.6,-0.1
nervousness,-0.5,0.7,-0.5
nest,0.6,0.1,0.2
nestle,0.6,0.1,0.2
nether,-0.6333,0.3333,-0.1
nettle,-0.65,0.4,0.05
network,0.2,0.5,0.3
neuralgia,-0.6,0.15,-0.4
neurosis,-0.6,0.15,-0.4
neurotic,-0.55,0.4,-0.45
neutral,0.4,0.3,0.25
neutrality,0.6,0.1,0.2
newcomer,-0.1,0.7,-0.3
nicotine,-0.6,0.1,-0.4
nightmare,-0.5,0.7,-0.5
nobility,0.4,0.3,0.25
noble,0.6,0.1,0.2
nobleman,0.6,0.1,0.2
noisy,-0.7,0.7,0.5
noncompliance,-0.425,0.375,0.0
nonsensical,-0.7,-0.4,-0.3
noose,-0.7,-0.4,-0.3
nose,-0.6,0.1,-0.4
notable,0.7,0.35,0.35
notary,0.6,0.1,0.2
nothingness,-0.7,-0.4,-0.3
notification,0.2,0.5,0.3
notoriety,-0.6,0.5,-0.1333
noxious,-0.55,0.4,-0.45
nuisance,-0.7,0.7,0.5
nullify,0.3,0.7,-0.1
numbness,-0.7,-0.4,-0.3
nun,0.6,0.1,0.2
nurse,0.6,0.1,0.2
nursery,0.7,0.35,0.35
nurture,-0.0333,0.45,0.1
nutritious,-0.7,-0.4,-0.3
oasis,0.5333,0.4,0.3333
oath,0.6,0.1,0.2
obedience,0.6,0.1,0.2
obese,-0.6,0.1,-0.4
obesity,-0.65,-0.15,-0.35
obey,0.05,0.4,-0.15
obi,-0.55,0.4,-0.45
obit,-0.2,0.15,-0.2
obituary,-0.7,-0.4,-0.3
objection,-0.7,0.7,0.5
objective,0.4,0.3,0.25
oblige,0.6,0.1,0.2
obliging,0.0143,0.4857,0.0714
obligor,-0.5,0.7,-0.5
obliterate,-0.6333,0.3333,-0.1
obliterated,-0.6,0.7,0.0
obliteration,-0.6,0.15,-0.4
oblivion,-0.6,0.7,0.0
obnoxious,-0.6667,0.1333,-0.0667
obscene,-0.6,0.1,-0.4
obscenity,-0.65,0.4,0.05
obstacle,-0.6333,0.3333,-0.1
obstetrician,0.6,0.1,0.2
obstruct,-0.6,0.7,0.0
obstructive,-0.7,0.7,0.5
obtainable,0.8,0.6,0.5
obvious,0.6,0.1,0.2
occasional,0.3,0.7,-0.1
occult,-0.55,0.4,-0.45
occupant,0.6,0.1,0.2
octopus,-0.6,0.1,-0.4
oddity,-0.3333,0.1333,-0.2667
odious,-0.6,0.5,-0.1333
offend,-0.65,0.4,0.05
offended,-0.7,0.15,0.1
offender,-0.625,0.275,-0.175
offense,-0.625,0.275,-0.175
offensive,-0.65,0.4,0.05
offering,0.6,0.1,0.2
officer,0.6,0.1,0.2
official,0.6,0.1,0.2
offset,0.2,0.5,0.3
ogre,-0.55,0.4,-0.45
older,-0.7,-0.4,-0.3
olfactory,0.2,0.5,0.3
omen,-0.15,0.6,-0.1
ominous,-0.15,0.6,-0.1
omnipotence,-0.5,0.7,-0.5
omniscient,0.6,0.1,0.2
onerous,-0.7,0.15,0.1
ongoing,0.2,0.5,0.3
onset,0.2,0.5,0.3
ooze,-0.6,0.1,-0.4
opera,0.0,0.4143,0.0857
operation,0.05,0.4,-0.15
opinionated,-0.7,0.7,0.5
opium,-0.625,0.275,-0.175
opponent,-0.4,0.5,-0.025
opportune,0.8,0.6,0.5
opportunity,0.2,0.5,0.3
opposed,-0.6,0.7,0.0
opposition,-0.7,0.7,0.5
oppress,-0.625,0.275,-0.175
oppression,-0.625,0.275,-0.175
oppressive,-0.625,0.275,-0.175
oppressor,-0.6333,0.3333,-0.1
optimism,0.475,0.475,0.225
optimist,0.6,0.1,0.2
oracle,0.4,0.3,0.25
orc,-0.6,0.5,-0.1333
orchestra,0.0,0.25,0.225
ordained,0.6,0.1,0.2
ordeal,-0.2,0.7,0.2
ordinance,0.6,0.1,0.2
ordination,0.5333,0.4,0.3333
ordnance,-0.5,0.7,-0.5
organ,0.5,0.55,0.4
organization,0.475,0.475,0.225
orgasm,0.5,0.55,0.4
originality,0.3,0.7,-0.1
orphan,-0.6,0.15,-0.4
orthodoxy,0.6,0.1,0.2
oust,-0.7,0.15,0.1
outburst,-0.16,0.46,0.02
outcast,-0.6,0.1333,-0.4
outcry,-0.3,0.7,-0.0333
outdo,0.2,0.5,0.3
outhouse,-0.6,0.1,-0.4
outpost,-0.5,0.7,-0.5
outrage,-0.65,0.4,0.05
outrageous,0.3,0.7,-0.1
outsider,-0.5,0.7,-0.5
outstanding,0.8,0.6,0.5
ovation,-0.7,-0.4,-0.3
overbearing,-0.7,0.7,0.5
overdue,-0.0667,0.2667,-0.0333
overestimate,0.3,0.7,-0.1
overjoyed,0.8,0.6,0.5
overload,-0.7,-0.4,-0.3
overpowering,-0.6,0.7,0.0
overpriced,-0.6667,0.1333,-0.0667
overt,-0.5,0.7,-0.5
overthrow,-0.15,0.6,-0.1
overture,0.2,0.5,0.3
overwhelmed,-0.7,-0.4,-0.3
owing,-0.2833,0.2833,-0.0333
pact,0.6,0.1,0.2
paddle,0.2,0.5,0.3
pain,-0.6,0.15,-0.4
pained,-0.6,0.15,-0.4
painful,-0.625,0.275,-0.175
painfully,-0.7,-0.4,-0.3
palpable,0.3,0.7,-0.1
palsy,-0.6,0.1333,-0.4
pandemic,-0.6,0.15,-0.4
pang,0.3,0.7,-0.1
panic,-0.5,0.7,-0.5
parachute,-0.5,0.7,-0.5
parade,0.2,0.625,0.05
paragon,0.5333,0.4,0.3333
paralysis,-0.425,0.375,0.0
paralyzed,-0.4,0.425,-0.1
paranoia,-0.5,0.7,-0.5
parasite,-0.55,0.4,-0.45
pare,-0.425,0.375,0.0
parietal,0.6,0.1,0.2
parish,0.6,0.1,0.2
parliament,0.6,0.1,0.2
parole,0.2,0.5,0.3
parrot,-0.6,0.1,-0.4
partake,0.6,0.1,0.2
parting,-0.7,-0.4,-0.3
partnership,0.6,0.1,0.2
passenger,0.2,0.5,0.3
passion,0.5333,0.4,0.3333
passionate,0.5333,0.4,0.3333
pastor,0.7,0.35,0.35
pastry,0.8,0.6,0.5
pathetic,-0.65,-0.15,-0.35
patience,0.4,0.3,0.25
patient,0.2,0.5,0.3
patriarchal,0.6,0.1,0.2
patrol,0.6,0.1,0.2
patron,0.6,0.1,0.2
patronage,0.6,0.1,0.2
patter,-0.7,0.7,0.5
paucity,-0.6667,0.1333,-0.0667
pauper,-0.7,-0.4,-0.3
pavement,0.6,0.1,0.2
pawn,0.6,0.1,0.2
pay,0.5333,0.4,0.3333
payback,-0.7,0.7,0.5
peace,0.5333,0.4,0.3333
peaceful,0.475,0.475,0.225
pedigree,0.6,0.1,0.2
penal,-0.6,0.15,-0.4
penalty,-0.6333,0.3333,-0.1
penance,-0.6,0.15,-0.4
penetration,-0.6,0.7,0.0
penitentiary,-0.7,0.7,0.5
pensive,-0.7,-0.4,-0.3
perceive,0.6,0.1,0.2
perchance,0.3,0.7,-0.1
perdition,-0.625,0.275,-0.175
perennial,0.6,0.1,0.2
perfect,0.5333,0.4,0.3333
perfection,0.475,0.475,0.225
peri,0.3,0.7,-0.1
peril,-0.3333,0.2667,-0.1667
perilous,-0.3333,0.2667,-0.1667
periodicity,0.6,0.1,0.2
perish,-0.6,0.15,-0.4
perished,-0.7,-0.4,-0.3
perishing,-0.6,0.15,-0.4
perjury,-0.1,0.7,-0.3
pernicious,-0.6333,0.3333,-0.1
perpetrator,-0.625,0.275,-0.175
perpetuate,0.2,0.5,0.3
perpetuity,0.4,0.3,0.25
perplexity,-0.7,-0.4,-0.3
persecute,-0.6,0.7,0.0
persecution,-0.625,0.275,-0.175
personal,0.6,0.1,0.2
perspiration,-0.6,0.1,-0.4
persuade,0.6,0.1,0.2
pertinent,0.6,0.1,0.2
perturbation,-0.5,0.7,-0.5
perverse,-0.6,0.5,-0.1333
perversion,-0.6667,0.1333,-0.0667
pervert,-0.65,0.4,0.05
perverted,-0.6,0.1,-0.4
pessimism,-0.6333,0.3333,-0.1
pessimist,-0.6,0.15,-0.4
pest,-0.6,0.5,-0.1333
pestilence,-0.55,0.4,-0.45
petroleum,-0.6,0.1,-0.4
phalanx,0.05,0.4,-0.15
phantom,-0.5,0.7,-0.5
philanthropic,0.6,0.1,0.2
philanthropist,0.6,0.1,0.2
philosopher,0.6,0.1,0.2
phlegm,-0.6,0.1,-0.4
phony,-0.65,0.4,0.05
physician,0.6,0.1,0.2
physicist,0.6,0.1,0.2
picket,-0.3333,0.6333,0.1
picketing,-0.7,0.7,0.5
picnic,0.475,0.475,0.225
picturesque,0.8,0.6,0.5
pig,-0.6,0.1,-0.4
piles,-0.6,0.1,-0.4
pill,0.6,0.1,0.2
pillage,-0.6,0.5,-0.1333
pilot,0.6,0.1,0.2
pimple,-0.6,0.1,-0.4
pine,-0.7,-0.4,-0.3
pinion,-0.5,0.7,-0.5
pious,-0.2333,-0.0667,-0.1667
pique,-0.7,0.7,0.5
pirate,-0.7,0.7,0.5
pitfall,-0.44,0.36,-0.16
pith,0.6,0.1,0.2
pity,-0.7,-0.4,-0.3
pivot,0.6,0.1,0.2
placard,0.3,0.7,-0.1
plagiarism,-0.6,0.1,-0.4
plague,-0.6,0.1333,-0.4
plaintive,-0.7,-0.4,-0.3
plan,0.2,0.5,0.3
planning,0.4,0.3,0.25
playful,0.25,0.525,0.275
playground,0.475,0.475,0.225
playhouse,0.8,0.6,0.5
plea,-0.3333,0.2667,-0.1667
pleasant,0.475,0.475,0.225
pleased,0.8,0.6,0.5
pleasurable,0.8,0.6,0.5
pledge,0.7,0.35,0.35
plight,-0.4,0.225,-0.225
plummet,-0.5,0.7,-0.5
plump,0.2,0.5,0.3
plunder,-0.44,0.36,-0.16
plunge,-0.5,0.7,-0.5
pneumonia,-0.5,0.7,-0.5
poaching,-0.625,0.275,-0.175
pointless,-0.7,-0.4,-0.3
poison,-0.625,0.275,-0.175
poisoned,-0.625,0.275,-0.175
poisoning,-0.6,0.1,-0.4
poisonous,-0.625,0.275,-0.175
poke,0.2,0.5,0.3
polarity,0.3,0.7,-0.1
polemic,-0.65,0.4,0.05
police,0.05,0.4,-0.15
policeman,0.05,0.4,-0.15
policy,0.6,0.1,0.2
polio,-0.6,0.15,-0.4
politic,-0.6,0.1,-0.4
politics,-0.7,0.7,0.5
poll,0.6,0.1,0.2
pollute,-0.6,0.1,-0.4
pollution,-0.6,0.1,-0.4
polygamy,-0.6,0.1,-0.4
pompous,-0.6,0.1,-0.4
pontiff,0.6,0.1,0.2
pop,0.3,0.7,-0.1
porn,-0.6,0.1,-0.4
pornography,-0.6,0.1,-0.4
posse,-0.5,0.7,-0.5
possess,0.5333,0.4,0.3333
possessed,-0.6,0.5,-0.1333
possession,-0.6,0.5,-0.1333
possibility,0.2,0.5,0.3
posthumous,-0.7,-0.4,-0.3
postponement,0.3,0.7,-0.1
pound,-0.7,0.7,0.5
poverty,-0.625,0.275,-0.175
pow,-0.7,0.7,0.5
powerful,-0.0333,0.45,0.1
powerfully,-0.5,0.7,-0.5
powerless,-0.625,0.275,-0.175
practiced,0.5667,0.4667,0.2
practise,0.2,0.5,0.3
praise,0.7,0.35,0.35
praised,0.8,0.6,0.5
praiseworthy,0.475,0.475,0.225
prank,0.3,0.7,-0.1
pray,0.28,0.52,0.08
precarious,-0.3333,0.2667,-0.1667
precedence,0.6,0.1,0.2
precious,0.4333,0.6,0.2333
precipice,-0.5,0.7,-0.5
preclude,-0.7,0.7,0.5
precursor,0.2,0.5,0.3
predicament,-0.5,0.7,-0.5
predict,0.2,0.5,0.3
prediction,0.2,0.5,0.3
predilection,0.2,0.5,0.3
predispose,0.2,0.5,0.3
predominant,0.6,0.1,0.2
prefer,0.6,0.1,0.2
pregnancy,-0.6,0.1,-0.4
prejudice,-0.7,0.7,0.5
prejudiced,-0.55,0.4,-0.45
prejudicial,-0.7,0.7,0.5
preliminary,0.2,0.5,0.3
premature,0.3,0.7,-0.1
premeditated,-0.5,0.7,-0.5
preparation,0.2,0.5,0.3
preparatory,0.2,0.5,0.3
prepare,0.2,0.5,0.3
prepared,0.4,0.3,0.25
preparedness,0.2,0.5,0.3
preponderance,0.6,0.1,0.2
prerequisite,0.2,0.5,0.3
prescient,0.2,0.5,0.3
present,0.475,0.475,0.225
preservative,0.475,0.475,0.225
president,0.6,0.1,0.2
prestige,0.7,0.35,0.35
presto,0.55,0.65,0.2
presumption,0.6,0.1,0.2
presumptuous,-0.65,0.4,0.05
pretending,-0.7,0.7,0.5
pretty,0.5333,0.4,0.3333
prevail,0.5,0.55,0.4
prevalent,0.6,0.1,0.2
prevent,-0.5,0.7,-0.5
prevention,0.2,0.5,0.3
prey,-0.5,0.7,-0.5
prick,-0.375,0.55,-0.125
pride,0.8,0.6,0.5
priest,0.6,0.1,0.2
priesthood,0.225,0.2,0.175
primer,0.6,0.1,0.2
princely,0.475,0.475,0.225
principal,0.6,0.1,0.2
prison,-0.6333,0.3333,-0.1
prisoner,-0.625,0.275,-0.175
privileged,0.7,0.35,0.35
privy,0.6,0.1,0.2
probability,0.2,0.5,0.3
probation,-0.3333,0.2667,-0.1667
probity,0.6,0.1,0.2
problem,-0.6,0.15,-0.4
procedure,-0.5,0.7,-0.5
proceeding,0.2,0.5,0.3
procession,0.1333,0.3,0.0333
proctor,0.6,0.1,0.2
production,0.2,0.5,0.3
profane,-0.7,0.7,0.5
profanity,-0.7,0.7,0.5
professional,0.6,0.1,0.2
professor,0.6,0.1,0.2
professorship,0.6,0.1,0.2
proficiency,0.475,0.475,0.225
proficient,0.6,0.1,0.2
prognosis,-0.15,0.6,-0.1
prognostic,0.2,0.5,0.3
progress,0.5,0.55,0.4
progression,0.225,0.2,0.175
prohibited,-0.6,0.5,-0.1333
projectile,-0.5,0.7,-0.5
projectiles,-0.5,0.7,-0.5
prologue,0.2,0.5,0.3
prolong,-0.6,0.1,-0.4
promise,0.7,0.35,0.35
proof,0.6,0.1,0.2
prophecy,0.2,0.5,0.3
prophet,0.4,0.3,0.25
prophetic,0.2,0.5,0.3
prophylactic,0.4,0.3,0.25
prosecute,-0.6333,0.3333,-0.1
prosecution,-0.6,0.1,-0.4
prospectively,0.2,0.5,0.3
prosper,0.5,0.55,0.4
prosperous,0.8,0.6,0.5
prostitute,-0.6,0.1,-0.4
prostitution,-0.65,-0.15,-0.35
protected,0.6,0.1,0.2
protecting,0.6,0.1,0.2
protector,0.6,0.1,0.2
protestant,-0.5,0.7,-0.5
proud,0.5333,0.4,0.3333
proven,0.6,0.1,0.2
provide,0.6,0.1,0.2
providing,0.5333,0.4,0.3333
proviso,0.6,0.1,0.2
provocation,-0.7,0.7,0.5
provoking,-0.65,0.4,0.05
prowl,-0.1,0.7,-0.3
proxy,0.6,0.1,0.2
prudent,0.6,0.1,0.2
pry,0.0333,0.4333,0.3333
psychosis,-0.6333,0.3333,-0.1
public,0.2,0.5,0.3
puke,-0.6,0.1,-0.4
puma,-0.1,0.7,-0.3
punch,-0.4,0.425,-0.1
punctual,0.4,0.3,0.25
pungent,-0.6,0.1,-0.4
punish,-0.5,0.7,-0.5
punished,-0.46,0.32,-0.08
punishing,-0.6333,0.3333,-0.1
punishment,-0.6,0.5,-0.1333
punitive,-0.6333,0.3333,-0.1
punt,0.2,0.5,0.3
puppy,0.4,0.3,0.25
purely,0.6,0.1,0.2
purgatory,-0.55,0.4,-0.45
purge,-0.5,0.7,-0.5
purification,0.6,0.1,0.2
purify,0.7,0.35,0.35
purity,0.3,0.7,-0.1
purr,0.7,0.35,0.35
pus,-0.6,0.1,-0.4
putative,0.6,0.1,0.2
quack,-0.6,0.1,-0.4
quagmire,-0.6,0.1,-0.4
quail,-0.5,0.7,-0.5
quaint,0.7,0.35,0.35
quake,-0.5,0.7,-0.5
qualified,0.6,0.1,0.2
quandary,-0.6,0.7,0.0
quarantine,-0.5,0.7,-0.5
quarrel,-0.7,0.7,0.5
quash,-0.5,0.7,-0.5
quest,0.2,0.5,0.3
questionable,-0.6,0.1,-0.4
quicken,0.2,0.5,0.3
quickness,0.3,0.7,-0.1
quicksilver,0.3,0.7,-0.1
quiet,-0.7,-0.4,-0.3
quiver,-0.5,0.7,-0.5
quivering,-0.5,0.7,-0.5
quote,0.25,0.6,0.1
rabble,-0.6,0.7,0.0
rabid,-0.46,0.32,-0.08
rack,-0.7,-0.4,-0.3
radar,0.6,0.1,0.2
radiance,0.5333,0.4,0.3333
radiant,0.8,0.6,0.5
radiation,-0.5,0.7,-0.5
radioactive,-0.5,0.7,-0.5
radon,-0.5,0.7,-0.5
raffle,0.25,0.6,0.1
rage,-0.7,0.7,0.5
raging,-0.6,0.5,-0.1333
rags,-0.6,0.1,-0.4
raid,-0.3,0.7,-0.0333
rail,-0.25,0.6,0.4
rainy,-0.7,-0.4,-0.3
ram,-0.25,0.6,0.4
rampage,-0.6,0.7,0.0
rancid,-0.6,0.1,-0.4
randomly,0.3,0.7,-0.1
ranger,0.6,0.1,0.2
ransom,-0.6,0.7,0.0
rape,-0.625,0.275,-0.175
rapid,0.3,0.7,-0.1
rapping,-0.7,0.7,0.5
rapt,0.5667,0.4667,0.2
raptors,-0.5,0.7,-0.5
rapture,0.5,0.55,0.4
rarity,0.3,0.7,-0.1
rascal,-0.6,0.5,-0.1333
rash,-0.6,0.1,-0.4
rat,-0.55,0.4,-0.45
ratify,0.6,0.1,0.2
rating,-0.6333,0.3333,-0.1
rational,0.6,0.1,0.2
rattlesnake,-0.5,0.7,-0.5
rave,0.08,0.44,0.14
ravenous,-0.6333,0.3333,-0.1
ravine,-0.5,0.7,-0.5
raving,0.02,0.64,0.14
razor,-0.5,0.7,-0.5
react,-0.6,0.7,0.0
readiness,0.5333,0.4,0.3333
ready,0.2,0.5,0.3
real,0.6,0.1,0.2
reappear,0.3,0.7,-0.1
reassurance,0.6,0.1,0.2
reassure,0.6,0.1,0.2
rebel,-0.6,0.7,0.0
rebellion,-0.6,0.5,-0.1333
recalcitrant,-0.65,0.4,0.05
receiving,0.4333,0.6,0.2333
recesses,-0.5,0.7,-0.5
recession,-0.625,0.275,-0.175
recidivism,-0.6667,0.1333,-0.0667
recipient,0.2,0.5,0.3
reckless,-0.6,0.7,0.0
recklessness,-0.375,0.55,-0.125
recline,0.6,0.1,0.2
recognizable,0.2,0.5,0.3
recombination,0.2,0.5,0.3
recommend,0.6,0.1,0.2
reconciliation,0.5333,0.4,0.3333
reconsideration,0.6,0.1,0.2
reconstruct,0.2,0.5,0.3
reconstruction,0.2,0.5,0.3
recreation,0.5,0.55,0.4
recreational,0.5,0.55,0.4
recruits,0.6,0.1,0.2
recurrent,0.2,0.5,0.3
referee,0.6,0.1,0.2
reflex,0.3,0.7,-0.1
reflux,-0.6,0.1,-0.4
refugee,-0.7,-0.4,-0.3
refused,-0.7,-0.4,-0.3
refutation,-0.5,0.7,-0.5
regal,0.6,0.1,0.2
regatta,0.2,0.5,0.3
regent,0.6,0.1,0.2
regiment,-0.5,0.7,-0.5
registry,0.6,0.1,0.2
regret,-0.7,-0.4,-0.3
regrettable,-0.7,-0.4,-0.3
regretted,-0.7,-0.4,-0.3
regretting,-0.7,-0.4,-0.3
regularity,0.4,0.3,0.25
regulatory,-0.5,0.7,-0.5
regurgitation,-0.6,0.1,-0.4
rehabilitation,0.2,0.5,0.3
reimbursement,0.6,0.1,0.2
reinforcement,0.6,0.1,0.2
reinforcements,0.6,0.1,0.2
reject,-0.6333,0.3333,-0.1
rejection,-0.625,0.275,-0.175
rejects,-0.6333,0.3333,-0.1
rejoice,0.475,0.475,0.225
rejoicing,0.4333,0.6,0.2333
rekindle,0.2,0.625,0.05
relapse,-0.6,0.15,-0.4
related,0.6,0.1,0.2
relative,0.6,0.1,0.2
relevant,0.6,0.1,0.2
reliability,0.6,0.1,0.2
reliable,0.6,0.1,0.2
reliance,0.6,0.1,0.2
relics,-0.7,-0.4,-0.3
religion,0.6,0.1,0.2
reluctant,-0.5,0.7,-0.5
remains,-0.1667,0.3,-0.2333
remand,-0.7,0.7,0.5
remarkable,0.5667,0.4667,0.2
remedy,0.5333,0.4,0.3333
remiss,-0.6667,0.1333,-0.0667
remorse,-0.7,-0.4,-0.3
remove,-0.6333,0.3333,-0.1
renegade,-0.7,0.7,0.5
renounce,-0.7,0.7,0.5
renovate,0.2,0.5,0.3
renovation,0.5,0.55,0.4
reparation,0.6,0.1,0.2
repay,0.225,0.475,0.375
repellant,-0.55,0.4,-0.45
repellent,-0.6,0.5,-0.1333
repelling,-0.6,0.1,-0.4
repent,-0.5,0.7,-0.5
reporter,0.6,0.1,0.2
representing,0.2,0.5,0.3
repress,-0.7,-0.4,-0.3
repression,-0.5,0.7,-0.5
reprimand,-0.7,0.7,0.5
reprisal,-0.6333,0.3333,-0.1
reproach,-0.6667,0.1333,-0.0667
reproductive,0.8,0.6,0.5
repudiation,-0.65,0.4,0.05
repulsion,-0.55,0.4,-0.45
reputable,0.6,0.1,0.2
requiem,-0.7,-0.4,-0.3
rescue,0.475,0.475,0.225
resection,-0.5,0.7,-0.5
resent,-0.7,0.7,0.5
resentful,-0.7,0.7,0.5
resentment,-0.6667,0.1333,-0.0667
resign,-0.625,0.275,-0.175
resignation,-0.2,0.15,-0.2
resigned,-0.7,-0.4,-0.3
resistance,-0.7,0.7,0.5
resistant,-0.5,0.7,-0.5
resisting,-0.6333,0.3333,-0.1
resources,0.7,0.35,0.35
respect,0.5333,0.4,0.3333
respectable,0.6,0.1,0.2
respectful,0.6,0.1,0.2
respects,0.6,0.1,0.2
respite,0.7,0.35,0.35
resplendent,0.8,0.6,0.5
responsible,0.6,0.1,0.2
responsive,0.4,0.3,0.25
restitution,-0.7,0.7,0.5
restlessness,0.2,0.5,0.3
restorative,0.5333,0.4,0.3333
restrain,-0.6,0.7,0.0
restrained,-0.5,0.7,-0.5
restrict,-0.7,-0.4,-0.3
restriction,-0.6333,0.3333,-0.1
result,0.2,0.5,0.3
resultant,0.2,0.5,0.3
retain,0.6,0.1,0.2
retaliate,-0.7,0.7,0.5
retaliation,-0.6,0.7,0.0
retaliatory,-0.7,0.7,0.5
retard,-0.6,0.1333,-0.4
reticent,-0.5,0.7,-0.5
retirement,0.08,0.3,0.04
retract,-0.7,0.7,0.5
retrenchment,-0.5,0.7,-0.5
retribution,-0.6333,0.3333,-0.1
reunion,0.4,0.3,0.25
revel,0.8,0.6,0.5
revels,0.8,0.6,0.5
revenge,-0.175,0.65,0.05
revere,0.5333,0.4,0.3333
reverence,0.7,0.35,0.35
reverend,0.8,0.6,0.5
reverie,0.7,0.35,0.35
reversal,-0.3333,0.5,-0.0
revival,0.5333,0.4,0.3333
revive,0.2,0.5,0.3
revoke,-0.625,0.275,-0.175
revolt,-0.2,0.7,0.2
revolting,-0.6,0.5,-0.1333
revolution,-0.28,0.44,-0.02
revolver,-0.6333,0.3333,-0.1
revulsion,-0.6,0.5,-0.1333
reward,0.475,0.475,0.225
rheumatism,-0.6333,0.3333,-0.1
rhythmical,0.55,0.65,0.2
ribbon,0.1,0.6,0.4333
riddle,0.3,0.7,-0.1
ridicule,-0.6667,0.1333,-0.0667
ridiculous,-0.65,0.4,0.05
rifle,-0.6,0.7,0.0
rigor,-0.55,0.4,-0.45
ringer,-0.7,0.7,0.5
riot,-0.6,0.7,0.0
riotous,-0.3,0.7,-0.0333
ripen,0.2,0.5,0.3
rising,0.5,0.55,0.4
risk,-0.15,0.6,-0.1
risky,-0.15,0.6,-0.1
rivalry,-0.7,0.7,0.5
roadster,0.7,0.35,0.35
rob,-0.625,0.275,-0.175
robber,-0.55,0.4,-0.45
robbery,-0.625,0.275,-0.175
rocket,-0.7,0.7,0.5
rod,0.05,0.4,-0.15
rogue,-0.6,0.1,-0.4
rollicking,0.8,0.6,0.5
romance,0.1167,0.3667,0.0167
romantic,0.5333,0.4,0.3333
romanticism,0.8,0.6,0.5
romp,0.8,0.6,0.5
rook,-0.65,0.4,0.05
rooted,0.6,0.1,0.2
rot,-0.6,0.1333,-0.4
rota,0.6,0.1,0.2
rotting,-0.6,0.1,-0.4
roulette,0.2,0.5,0.3
routine,0.6,0.1,0.2
row,-0.7,0.7,0.5
rubbish,-0.6,0.1,-0.4
rubble,-0.6,0.15,-0.4
rue,-0.7,-0.4,-0.3
ruin,-0.6,0.15,-0.4
ruined,-0.625,0.275,-0.175
ruinous,-0.625,0.275,-0.175
rule,0.05,0.4,-0.15
rumor,-0.7,-0.4,-0.3
runaway,-0.7,-0.4,-0.3
rupture,-0.3,0.3333,-0.3
ruthless,-0.6,0.5,-0.1333
saber,-0.6,0.7,0.0
sabotage,-0.44,0.36,-0.16
sacrifices,-0.6,0.1333,-0.4
sadly,-0.7,-0.4,-0.3
sadness,-0.05,-0.15,-0.05
safe,0.7,0.35,0.35
safeguard,0.6,0.1,0.2
safekeeping,0.6,0.1,0.2
sag,-0.5,0.7,-0.5
sage,0.6,0.1,0.2
saint,0.475,0.475,0.225
saintly,0.475,0.475,0.225
salary,0.5333,0.4,0.3333
saliva,0.2,0.5,0.3
sally,0.3,0.7,-0.1
saloon,-0.7,0.7,0.5
salutary,0.7,0.35,0.35
salute,0.8,0.6,0.5
salvation,0.5333,0.4,0.3333
samurai,-0.5,0.7,-0.5
sanctification,0.7,0.35,0.35
sanctify,0.24,0.3,0.12
sanctuary,0.5333,0.4,0.3333
sap,-0.7,-0.4,-0.3
sappy,0.6,0.1,0.2
sarcasm,-0.6667,0.1333,-0.0667
sarcoma,-0.6,0.15,-0.4
satanic,-0.7,0.7,0.5
satisfied,0.8,0.6,0.5
saturated,-0.6,0.1,-0.4
savage,-0.6,0.7,0.0
savagery,-0.6,0.7,0.0
save,0.7,0.35,0.35
savor,0.06,0.18,0.06
scaffold,-0.5,0.7,-0.5
scalpel,-0.5,0.7,-0.5
scandal,-0.5,0.7,-0.5
scandalous,-0.7,0.7,0.5
scapegoat,-0.6,0.7,0.0
scar,-0.625,0.275,-0.175
scarce,-0.6,0.15,-0.4
scarcely,-0.7,-0.4,-0.3
scarcity,-0.6333,0.3333,-0.1
scare,-0.175,0.65,0.05
scarecrow,-0.5,0.7,-0.5
sceptical,0.6,0.1,0.2
schism,-0.7,0.7,0.5
schizophrenia,-0.625,0.275,-0.175
scholarship,0.8,0.6,0.5
school,0.6,0.1,0.2
scientific,0.6,0.1,0.2
scientist,0.4,0.3,0.25
scoff,-0.65,0.4,0.05
scold,-0.625,0.275,-0.175
scolding,-0.7,0.7,0.5
scorching,-0.7,0.7,0.5
score,0.4333,0.6,0.2333
scorn,-0.7,0.7,0.5
scorpion,-0.375,0.55,-0.125
scoundrel,-0.3,0.4,-0.05
scourge,-0.6333,0.3333,-0.1
scrapie,-0.6333,0.3333,-0.1
scream,-0.375,0.55,-0.125
screaming,-0.6,0.5,-0.1333
screech,-0.1,0.7,-0.3
screwed,-0.7,0.7,0.5
scrimmage,0.3,0.7,-0.1
scripture,0.6,0.1,0.2
scrub,-0.6,0.1,-0.4
scrutinize,0.2,0.5,0.3
scum,-0.6,0.1,-0.4
seal,0.6,0.1,0.2
seals,0.6,0.1,0.2
secluded,-0.7,-0.4,-0.3
seclusion,-0.5,0.7,-0.5
secrecy,0.45,0.4,0.05
secret,0.6,0.1,0.2
secrete,-0.6,0.1,-0.4
secretion,-0.6,0.1,-0.4
sectarian,-0.6,0.7,0.0
secular,0.2,0.5,0.3
securities,0.6,0.1,0.2
sedition,-0.7,0.15,0.1
seductive,0.2,0.5,0.3
seek,0.2,0.5,0.3
segregate,-0.6667,0.1333,-0.0667
seize,-0.5,0.7,-0.5
seizure,-0.5,0.7,-0.5
selfish,-0.65,0.4,0.05
senate,0.6,0.1,0.2
senile,-0.6,0.15,-0.4
seniority,0.6,0.1,0.2
sensational,0.8,0.6,0.5
senseless,-0.44,0.36,-0.16
sensual,0.475,0.475,0.225
sensuality,0.5,0.55,0.4
sensuous,0.8,0.6,0.5
sentence,-0.46,0.32,-0.08
sentinel,0.6,0.1,0.2
sentry,0.6,0.1,0.2
separatist,-0.65,0.4,0.05
sepsis,-0.6,0.15,-0.4
septic,-0.6,0.1,-0.4
sequel,0.2,0.5,0.3
sequestration,-0.7,-0.4,-0.3
serene,0.6,0.1,0.2
serenity,0.5333,0.4,0.3333
serial,0.2,0.5,0.3
series,0.6,0.1,0.2
seriousness,-0.6,0.15,-0.4
sermon,0.6,0.1,0.2
serpent,-0.55,0.4,-0.45
servant,0.6,0.1,0.2
serve,0.6,0.1,0.2
servile,-0.6,0.1333,-0.4
setback,-0.7,-0.4,-0.3
settlor,-0.5,0.7,-0.5
severance,-0.7,-0.4,-0.3
sewage,-0.6,0.1,-0.4
sewer,-0.6,0.1,-0.4
sewerage,-0.6,0.1,-0.4
sex,0.5333,0.4,0.3333
shabby,-0.6,0.1,-0.4
shack,-0.65,-0.15,-0.35
shackle,-0.46,0.32,-0.08
shady,-0.5,0.7,-0.5
shaking,-0.5,0.7,-0.5
shaky,-0.3333,0.6333,0.1
sham,-0.65,0.4,0.05
shame,-0.6,0.1333,-0.4
shameful,-0.7,-0.4,-0.3
shameless,-0.6,0.1,-0.4
shanghai,-0.55,0.4,-0.45
shank,-0.5,0.7,-0.5
share,0.5333,0.4,0.3333
sharpen,-0.25,0.6,0.4
shatter,-0.4,0.425,-0.1
shattered,-0.7,-0.4,-0.3
shell,-0.4,0.425,-0.1
shelter,0.6,0.1,0.2
shepherd,0.6,0.1,0.2
sheriff,0.6,0.1,0.2
shining,0.5,0.55,0.4
ship,0.2,0.5,0.3
shipwreck,-0.6,0.15,-0.4
shit,-0.65,0.4,0.05
shiver,-0.425,0.375,0.0
shock,-0.3,0.7,-0.0333
shockingly,0.3,0.7,-0.1
shoddy,-0.65,0.4,0.05
shoot,-0.6,0.7,0.0
shooter,-0.5,0.7,-0.5
shooting,-0.6,0.7,0.0
shopkeeper,0.6,0.1,0.2
shoplifting,-0.65,0.4,0.05
shopping,0.475,0.475,0.225
shortage,-0.6333,0.3333,-0.1
shortly,0.2,0.5,0.3
shot,-0.4,0.425,-0.1
shoulder,0.6,0.1,0.2
shout,-0.2,0.7,0.2
shove,-0.7,0.7,0.5
show,0.6,0.1,0.2
shrapnel,-0.5,0.7,-0.5
shriek,-0.4,0.425,-0.1
shrill,-0.3,0.7,-0.0333
shrink,-0.6,0.15,-0.4
shroud,-0.7,-0.4,-0.3
shudder,-0.5,0.7,-0.5
shun,-0.6667,0.1333,-0.0667
sib,0.6,0.1,0.2
sick,-0.65,-0.15,-0.35
sickening,-0.625,0.275,-0.175
sickly,-0.65,-0.15,-0.35
sickness,-0.6,0.1333,-0.4
signature,0.6,0.1,0.2
signify,0.2,0.5,0.3
silly,0.8,0.6,0.5
simmer,-0.25,0.6,0.4
simmering,0.2,0.5,0.3
simplify,0.475,0.475,0.225
sin,-0.625,0.275,-0.175
sincere,0.6,0.1,0.2
sinful,-0.625,0.275,-0.175
sing,0.225,0.2,0.175
singularly,0.3,0.7,-0.1
sinister,-0.6,0.5,-0.1333
sinner,-0.625,0.275,-0.175
sinning,-0.6,0.1,-0.4
sir,0.6,0.1,0.2
siren,-0.5,0.7,-0.5
sisterhood,-0.125,0.275,0.075
sizzle,-0.7,0.7,0.5
skewed,-0.25,0.6,0.4
skid,-0.6333,0.3333,-0.1
skillful,0.6,0.1,0.2
skirmish,-0.7,0.7,0.5
slam,-0.3,0.7,-0.0333
slander,-0.65,0.4,0.05
slap,-0.2,0.7,0.2
slash,-0.7,0.7,0.5
slaughter,-0.44,0.36,-0.16
slaughterhouse,-0.625,0.275,-0.175
slaughtering,-0.44,0.36,-0.16
slave,-0.6333,0.3333,-0.1
slavery,-0.625,0.275,-0.175
slay,-0.7,0.7,0.5
slayer,-0.44,0.36,-0.16
slime,-0.6,0.1,-0.4
slimy,-0.6,0.1,-0.4
slip,0.3,0.7,-0.1
slop,-0.6,0.1,-0.4
sloppy,-0.6,0.1,-0.4
sloth,-0.6,0.1,-0.4
sludge,-0.6,0.1,-0.4
slug,-0.6,0.1,-0.4
sluggish,-0.7,-0.4,-0.3
slum,-0.6,0.1,-0.4
slump,-0.7,-0.4,-0.3
slur,-0.6667,0.1333,-0.0667
slush,-0.15,0.4,-0.25
slut,-0.65,0.4,0.05
sly,-0.6,0.5,-0.1333
smack,-0.7,0.7,0.5
smash,-0.6,0.7,0.0
smell,-0.65,0.4,0.05
smelling,-0.6,0.1,-0.4
smile,0.5667,0.4667,0.2
smiling,0.8,0.6,0.5
smite,-0.6333,0.3333,-0.1
smith,0.6,0.1,0.2
smother,-0.7,0.7,0.5
smuggle,-0.5,0.7,-0.5
smuggler,-0.6,0.5,-0.1333
smut,-0.55,0.4,-0.45
snag,0.3,0.7,-0.1
snake,-0.55,0.4,-0.45
snare,-0.5,0.7,-0.5
snarl,-0.65,0.4,0.05
snarling,-0.7,0.7,0.5
sneak,-0.3,0.7,-0.0333
sneaking,0.1,0.4333,0.0
sneer,-0.65,0.4,0.05
sneeze,-0.15,0.4,-0.25
snort,-0.7,-0.4,-0.3
sob,-0.7,-0.4,-0.3
sobriety,0.6,0.1,0.2
socialism,-0.55,0.4,-0.45
socialist,-0.625,0.275,-0.175
soil,-0.6,0.1,-0.4
soiled,-0.6,0.1,-0.4
soldier,-0.7,0.15,0.1
solidarity,0.6,0.1,0.2
solidity,0.6,0.1,0.2
somatic,0.3,0.7,-0.1
somber,-0.7,-0.4,-0.3
sonar,0.2,0.5,0.3
sonnet,0.05,0.1,0.1
sonorous,0.8,0.6,0.5
soot,-0.6,0.1,-0.4
soothing,0.7,0.35,0.35
sorcery,0.0,0.6333,-0.1
sordid,-0.625,0.275,-0.175
sore,-0.7,0.15,0.1
sorely,-0.7,-0.4,-0.3
soreness,-0.65,-0.15,-0.35
sorrow,-0.6,0.15,-0.4
sorrowful,-0.7,-0.4,-0.3
sortie,-0.5,0.7,-0.5
soulless,-0.6,0.1333,-0.4
soulmate,-0.5,0.7,-0.5
soundness,0.5333,0.4,0.3333
sour,-0.6,0.1,-0.4
sovereign,0.6,0.1,0.2
spa,0.475,0.475,0.225
spaniel,0.7,0.35,0.35
spank,-0.6333,0.3333,-0.1
spanking,-0.7,0.7,0.5
sparkle,0.4333,0.6,0.2333
spasm,-0.5,0.7,-0.5
spat,-0.7,0.7,0.5
spear,-0.3333,0.6333,0.1
special,0.8,0.6,0.5
specialist,0.6,0.1,0.2
specialize,0.6,0.1,0.2
speck,-0.6,0.1,-0.4
spectacular,0.25,0.6,0.1
specter,-0.6,0.15,-0.4
speculation,-0.6,0.15,-0.4
speculative,0.2,0.5,0.3
spew,-0.6,0.1,-0.4
spider,-0.55,0.4,-0.45
spike,-0.5,0.7,-0.5
spine,-0.7,0.7,0.5
spinster,-0.6,0.15,-0.4
spirits,0.4333,0.6,0.2333
spit,-0.6,0.1,-0.4
spite,-0.7,0.7,0.5
spiteful,-0.7,0.7,0.5
splash,0.3,0.7,-0.1
splendid,0.55,0.65,0.2
splendor,0.4333,0.6,0.2333
splitting,-0.7,-0.4,-0.3
spoil,-0.6,0.1,-0.4
spoiler,-0.7,-0.4,-0.3
spokesman,0.6,0.1,0.2
sponsor,0.6,0.1,0.2
spook,-0.5,0.7,-0.5
spotless,0.6,0.1,0.2
spouse,0.7,0.35,0.35
sprain,-0.7,-0.4,-0.3
sprite,-0.5,0.7,-0.5
spur,-0.5,0.7,-0.5
spurious,-0.6,0.1,-0.4
squall,-0.6,0.15,-0.4
squeamish,-0.55,0.4,-0.45
squelch,-0.65,0.4,0.05
squirm,-0.6,0.1,-0.4
stab,-0.4,0.425,-0.1
stable,0.6,0.1,0.2
stagger,0.3,0.7,-0.1
stagnant,-0.7,-0.4,-0.3
stain,-0.6,0.1,-0.4
stalemate,-0.65,0.4,0.05
stalk,-0.5,0.7,-0.5
stall,-0.6,0.1,-0.4
stamina,0.6,0.1,0.2
standoff,-0.6,0.7,0.0
standstill,-0.7,0.7,0.5
star,0.5333,0.4,0.3333
stark,0.6,0.1,0.2
starry,0.5,0.55,0.4
start,0.2,0.5,0.3
startle,-0.1,0.7,-0.3
startling,0.3,0.7,-0.1
starvation,-0.6,0.15,-0.4
statement,0.6,0.1,0.2
statistical,0.6,0.1,0.2
steadfast,0.6,0.1,0.2
steady,0.45,0.4,0.05
steal,-0.6333,0.3333,-0.1
stealing,-0.55,0.4,-0.45
stealth,0.3,0.7,-0.1
stealthily,0.3,0.7,-0.1
stealthy,0.0,0.6333,-0.1
sterile,-0.7,-0.4,-0.3
sterling,0.225,0.475,0.375
steward,0.6,0.1,0.2
sticky,-0.6,0.1,-0.4
stifled,-0.6333,0.3333,-0.1
stigma,-0.625,0.275,-0.175
stillborn,-0.7,-0.4,-0.3
stillness,-0.6,0.15,-0.4
sting,-0.6,0.7,0.0
stingy,-0.625,0.275,-0.175
stink,-0.6,0.1,-0.4
stinking,-0.6,0.1,-0.4
stint,-0.6,0.15,-0.4
stolen,-0.7,0.7,0.5
stomach,-0.6,0.1,-0.4
stone,-0.7,0.7,0.5
stools,-0.6,0.1,-0.4
store,0.2,0.5,0.3
storm,-0.7,0.7,0.5
storming,-0.7,0.7,0.5
stormy,-0.5,0.7,-0.5
straightforward,0.6,0.1,0.2
strained,-0.7,0.7,0.5
straits,-0.5,0.7,-0.5
stranger,-0.5,0.7,-0.5
strangle,-0.44,0.36,-0.16
strategist,0.4,0.3,0.25
strength,0.6,0.1,0.2
strengthening,0.7,0.35,0.35
stretcher,-0.6,0.15,-0.4
stricken,-0.7,-0.4,-0.3
strife,-0.7,0.7,0.5
strike,-0.7,0.7,0.5
strip,-0.7,-0.4,-0.3
stripped,-0.46,0.32,-0.08
strive,0.2,0.5,0.3
stroke,-0.6,0.15,-0.4
structural,0.6,0.1,0.2
structure,0.6,0.1,0.2
struggle,-0.6333,0.3333,-0.1
stunned,-0.1,0.7,-0.3
sty,-0.6,0.1,-0.4
subito,0.3,0.7,-0.1
subjected,-0.7,-0.4,-0.3
subjugation,-0.625,0.275,-0.175
sublimation,0.8,0.6,0.5
submit,0.2,0.5,0.3
subordinate,-0.5,0.7,-0.5
subscribe,0.2,0.5,0.3
subsidence,-0.7,-0.4,-0.3
subsidy,-0.65,0.4,0.05
substantiate,0.6,0.1,0.2
subversion,-0.6,0.7,0.0
subversive,-0.2,0.7,0.2
subvert,-0.6,0.1333,-0.4
succeed,0.475,0.475,0.225
succeeding,0.5333,0.4,0.3333
success,0.5,0.55,0.4
successful,0.5333,0.4,0.3333
sucker,-0.7,0.7,0.5
sudden,0.3,0.7,-0.1
suddenly,0.3,0.7,-0.1
sue,-0.7,0.15,0.1
sufferer,-0.6,0.15,-0.4
suffering,-0.6,0.1333,-0.4
suffocating,-0.6,0.1333,-0.4
suffocation,-0.6,0.7,0.0
suggest,0.6,0.1,0.2
suicidal,-0.625,0.275,-0.175
suicide,-0.6333,0.3333,-0.1
sullen,-0.7,0.15,0.1
sultan,-0.5,0.7,-0.5
sump,-0.6,0.1,-0.4
sun,0.475,0.475,0.225
sundial,0.4,0.3,0.25
sunk,-0.6,0.1333,-0.4
sunny,0.4333,0.6,0.2333
sunset,0.2,0.5,0.3
sunshine,0.8,0.6,0.5
superman,0.7,0.35,0.35
superstar,0.7,0.35,0.35
superstition,-0.5,0.7,-0.5
superstitious,-0.15,0.6,-0.1
supplication,0.6,0.1,0.2
supporter,0.7,0.35,0.35
supporting,0.6,0.1,0.2
suppress,-0.6333,0.3333,-0.1
suppression,-0.6,0.5,-0.1333
supremacy,0.1167,0.55,0.15
surcharge,-0.7,0.7,0.5
surety,0.6,0.1,0.2
surge,0.3,0.7,-0.1
surgery,-0.6,0.15,-0.4
surly,-0.65,0.4,0.05
surprise,0.2,0.6667,-0.0333
surprised,0.3,0.7,-0.1
surprising,0.3,0.7,-0.1
surprisingly,0.25,0.6,0.1
surrender,-0.6,0.15,-0.4
surrendering,-0.7,-0.4,-0.3
surrogate,0.6,0.1,0.2
surround,0.2,0.5,0.3
surveillance,-0.5,0.7,-0.5
suspect,-0.5,0.7,-0.5
suspense,0.0,0.6333,-0.1
suspension,-0.5,0.7,-0.5
suspicion,-0.5,0.7,-0.5
suspicious,-0.25,0.6,0.4
swamp,-0.55,0.4,-0.45
swampy,-0.55,0.4,-0.45
swarm,-0.6,0.1,-0.4
swastika,-0.6,0.7,0.0
swear,0.6,0.1,0.2
sweat,-0.5,0.7,-0.5
sweet,0.475,0.475,0.225
sweetheart,0.225,0.2,0.175
sweets,0.5,0.55,0.4
swelling,-0.5,0.7,-0.5
swerve,-0.1,0.7,-0.3
swig,-0.6,0.1,-0.4
swim,0.1667,0.6,0.1
swine,-0.6,0.1,-0.4
symmetry,0.7,0.35,0.35
sympathetic,0.05,0.25,-0.025
sympathize,-0.7,-0.4,-0.3
sympathy,-0.7,-0.4,-0.3
symphony,0.5,0.55,0.4
synchronize,0.475,0.475,0.225
syncope,-0.3,0.3333,-0.3
synergistic,0.6,0.1,0.2
synod,0.6,0.1,0.2
synonymous,0.05,0.4,-0.15
syringe,-0.5,0.7,-0.5
system,0.6,0.1,0.2
taboo,-0.55,0.4,-0.45
tabulate,0.2,0.5,0.3
tackle,-0.2,0.7,0.2
tactics,0.05,0.4,-0.15
taint,-0.7,-0.4,-0.3
talons,-0.6,0.7,0.0
tandem,0.6,0.1,0.2
tantalizing,0.4333,0.6,0.2333
tantamount,0.6,0.1,0.2
tariff,-0.65,0.4,0.05
tarnish,-0.65,-0.15,-0.35
tasteless,-0.6,0.1,-0.4
taught,0.6,0.1,0.2
taunt,-0.6333,0.3333,-0.1
tawny,-0.6,0.1,-0.4
tax,-0.7,-0.4,-0.3
teach,0.5667,0.4667,0.2
teacher,0.6,0.1,0.2
team,0.6,0.1,0.2
tearful,-0.6,0.1333,-0.4
tease,-0.4,0.2667,0.1667
teasing,-0.6,0.7,0.0
teeming,-0.6,0.1,-0.4
temperate,0.6,0.1,0.2
tempest,-0.28,0.44,-0.02
tender,0.7,0.35,0.35
tenderness,0.8,0.6,0.5
tension,-0.7,0.7,0.5
terminal,-0.6,0.15,-0.4
terminate,-0.7,-0.4,-0.3
termination,-0.7,-0.4,-0.3
termite,-0.6,0.1,-0.4
terrible,-0.625,0.275,-0.175
terribly,-0.7,-0.4,-0.3
terrific,-0.7,-0.4,-0.3
terror,-0.5,0.7,-0.5
terrorism,-0.625,0.275,-0.175
terrorist,-0.44,0.36,-0.16
terrorize,-0.6333,0.3333,-0.1
testament,0.4,0.3,0.25
testimony,0.6,0.1,0.2
tetanus,-0.6,0.1,-0.4
thankful,0.8,0.6,0.5
thanksgiving,0.8,0.6,0.5
theft,-0.625,0.275,-0.175
theism,-0.6,0.1,-0.4
theocratic,-0.325,0.275,-0.025
theological,0.6,0.1,0.2
theology,0.2,0.5,0.3
theorem,0.6,0.1,0.2
theory,0.4,0.3,0.25
therapeutic,0.7,0.35,0.35
thermocouple,0.2,0.5,0.3
thermometer,0.6,0.1,0.2
thief,-0.44,0.36,-0.16
thirst,-0.0667,0.2667,-0.0333
thirteenth,-0.5,0.7,-0.5
thorny,-0.5,0.7,-0.5
thought,0.2,0.5,0.3
thoughtful,0.6,0.1,0.2
thoughtless,-0.65,0.4,0.05
thrash,-0.625,0.275,-0.175
threat,-0.6,0.7,0.0
threaten,-0.3333,0.6333,0.1
threatening,-0.6,0.5,-0.1333
thresh,-0.6333,0.3333,-0.1
thrift,0.0,0.1,-0.1
thrill,0.2,0.625,0.05
thrilling,0.4333,0.6,0.2333
thriving,0.5,0.55,0.4
throb,-0.6,0.15,-0.4
throne,0.6,0.1,0.2
throttle,-0.7,0.7,0.5
thug,-0.6,0.5,-0.1333
thump,-0.7,0.7,0.5
thumping,-0.5,0.7,-0.5
thundering,-0.6,0.7,0.0
thwart,0.3,0.7,-0.1
tickle,0.475,0.475,0.225
tiff,-0.7,0.7,0.5
tighten,-0.7,0.7,0.5
time,0.2,0.5,0.3
timid,-0.6,0.15,-0.4
timidity,-0.15,0.6,-0.1
tinsel,0.8,0.6,0.5
tirade,-0.65,0.4,0.05
title,0.6,0.1,0.2
toad,-0.6,0.1,-0.4
toast,0.8,0.6,0.5
toilet,-0.6,0.1,-0.4
tolerate,-0.7,0.15,0.1
tomb,-0.7,-0.4,-0.3
tomorrow,0.2,0.5,0.3
toothache,-0.5,0.7,-0.5
top,0.4,0.3,0.25
topple,0.3,0.7,-0.1
torment,-0.6333,0.3333,-0.1
tornado,-0.5,0.7,-0.5
torpedo,-0.7,0.7,0.5
torrent,-0.5,0.7,-0.5
tortious,-0.65,0.4,0.05
torture,-0.46,0.32,-0.08
touchy,-0.7,0.15,0.1
tough,-0.7,-0.4,-0.3
toughness,-0.2,0.5,0.0667
towering,-0.15,0.6,-0.1
toxic,-0.6,0.1,-0.4
toxin,-0.5,0.7,-0.5
track,0.2,0.5,0.3
tract,-0.5,0.7,-0.5
trade,0.6,0.1,0.2
tragedy,-0.6,0.15,-0.4
trainer,0.6,0.1,0.2
traitor,-0.625,0.275,-0.175
tramp,-0.6,0.1333,-0.4
tranquil,0.8,0.6,0.5
tranquility,0.7,0.35,0.35
transaction,0.6,0.1,0.2
transcendence,0.475,0.475,0.225
transcript,0.6,0.1,0.2
transitional,0.2,0.5,0.3
translation,0.6,0.1,0.2
trash,-0.65,-0.15,-0.35
trashy,-0.6,0.1,-0.4
traumatic,-0.6333,0.3333,-0.1
travesty,-0.6,0.1333,-0.4
treacherous,-0.6,0.5,-0.1333
treachery,-0.4,0.425,-0.1
treadmill,0.2,0.5,0.3
treason,-0.375,0.55,-0.125
treasure,0.5333,0.4,0.3333
treasurer,0.6,0.1,0.2
treat,-0.075,0.375,0.025
tree,0.1,0.45,0.1667
trembling,-0.5,0.7,-0.5
tremor,-0.425,0.375,0.0
trepidation,0.0,0.6333,-0.1
trespass,-0.7,0.7,0.5
tribe,0.6,0.1,0.2
tribulation,-0.6,0.15,-0.4
tribunal,-0.075,0.35,-0.1
tribune,0.6,0.1,0.2
tributary,0.2,0.5,0.3
trick,0.3,0.7,-0.1
trickery,-0.44,0.36,-0.16
trip,0.3,0.7,-0.1
tripping,-0.7,0.15,0.1
triumph,0.5,0.55,0.4
triumphant,0.5333,0.4,0.3333
troll,-0.6,0.7,0.0
trophy,0.475,0.475,0.225
troublesome,-0.6,0.7,0.0
truce,0.7,0.35,0.35
truck,0.6,0.1,0.2
true,0.7,0.35,0.35
trump,0.3,0.7,-0.1
truss,0.6,0.1,0.2
trust,0.6,0.1,0.2
trustee,0.6,0.1,0.2
truth,0.6,0.1,0.2
truthful,0.6,0.1,0.2
truthfulness,0.6,0.1,0.2
tumor,-0.5,0.7,-0.5
tumour,-0.6,0.15,-0.4
tumult,-0.3,0.7,-0.0333
tumultuous,-0.6,0.7,0.0
turbulence,-0.6,0.7,0.0
turbulent,-0.5,0.7,-0.5
turmoil,-0.6333,0.3333,-0.1
tussle,-0.7,0.7,0.5
tutelage,0.6,0.1,0.2
twinkle,0.5,0.55,0.4
typhoon,-0.5,0.7,-0.5
tyrannical,-0.6,0.5,-0.1333
tyranny,-0.6,0.15,-0.4
tyrant,-0.625,0.275,-0.175
ugliness,-0.6,0.1333,-0.4
ugly,-0.6,0.1,-0.4
ulcer,-0.625,0.275,-0.175
ultimate,-0.25,0.05,0.0
ultimately,0.2,0.5,0.3
ultimatum,-0.6,0.7,0.0
umpire,0.6,0.1,0.2
unable,-0.7,-0.4,-0.3
unacceptable,-0.7,-0.4,-0.3
unaccountable,-0.125,0.075,-0.05
unacknowledged,-0.7,-0.4,-0.3
unanticipated,0.3,0.7,-0.1
unattainable,-0.7,0.15,0.1
unattractive,-0.65,-0.15,-0.35
unbearable,-0.65,-0.15,-0.35
unbeaten,0.15,0.35,0.1
unbridled,-0.175,0.65,0.05
unbroken,0.6,0.1,0.2
uncanny,-0.1,0.7,-0.3
uncaring,-0.6667,0.1333,-0.0667
uncertain,-0.375,0.55,-0.125
unclean,-0.6,0.1,-0.4
unconscionable,-0.6,0.1,-0.4
unconstrained,0.8,0.6,0.5
uncontrollable,-0.0667,0.6333,0.2333
uncover,0.3,0.7,-0.1
undecided,-0.15,0.6,-0.1
underestimate,0.3,0.7,-0.1
underpaid,-0.7,0.15,0.1
understanding,0.6,0.1,0.2
undertaker,-0.7,-0.4,-0.3
undertaking,0.2,0.5,0.3
underwrite,0.6,0.1,0.2
undesirable,-0.625,0.275,-0.175
undesired,-0.7,-0.4,-0.3
undisclosed,0.2,0.5,0.3
undiscovered,0.3,0.7,-0.1
undoubted,-0.2,0.3,-0.05
undying,0.225,0.2,0.175
uneasiness,-0.25,0.05,0.0
uneasy,-0.55,0.4,-0.45
uneducated,-0.7,-0.4,-0.3
unemployed,-0.6,0.15,-0.4
unequal,-0.625,0.275,-0.175
unequivocal,0.6,0.1,0.2
unexpected,0.2,0.625,0.05
unexpectedly,0.3,0.7,-0.1
unexplained,-0.25,0.05,0.0
unfair,-0.6667,0.1333,-0.0667
unfairness,-0.7,0.15,0.1
unfaithful,-0.6,0.1,-0.4
unfavorable,-0.65,-0.15,-0.35
unfold,0.2,0.5,0.3
unforeseen,0.3,0.7,-0.1
unforgiving,-0.7,0.15,0.1
unfortunate,-0.7,-0.4,-0.3
unfriendly,-0.625,0.275,-0.175
unfulfilled,-0.225,0.375,0.1
ungodly,-0.7,-0.4,-0.3
ungrateful,-0.65,0.4,0.05
unguarded,0.3,0.7,-0.1
unhappiness,-0.7,-0.4,-0.3
unhappy,-0.6667,0.1333,-0.0667
unhealthy,-0.6,0.1333,-0.4
unholy,-0.5,0.7,-0.5
unification,0.5333,0.4,0.3333
unimaginable,0.3,0.7,-0.1
unimportant,-0.7,-0.4,-0.3
uninspired,-0.7,-0.4,-0.3
unintended,0.3,0.7,-0.1
unintentional,0.3,0.7,-0.1
unintentionally,0.3,0.7,-0.1
uninterested,-0.7,-0.4,-0.3
uninteresting,-0.7,-0.4,-0.3
uninvited,-0.7,-0.4,-0.3
unique,0.3,0.7,-0.1
united,0.6,0.1,0.2
unity,0.6,0.1,0.2
university,0.2,0.5,0.3
unjust,-0.7,0.7,0.5
unjustifiable,-0.6,0.5,-0.1333
unkind,-0.625,0.275,-0.175
unknown,-0.15,0.6,-0.1
unlawful,-0.625,0.275,-0.175
unlucky,-0.625,0.275,-0.175
unmanageable,-0.6,0.1,-0.4
unnatural,-0.55,0.4,-0.45
unpaid,-0.7,0.15,0.1
unpleasant,-0.65,-0.15,-0.35
unpopular,-0.65,-0.15,-0.35
unprecedented,0.3,0.7,-0.1
unpredictable,0.3,0.7,-0.1
unpublished,-0.25,0.05,0.0
unquestionable,0.6,0.1,0.2
unquestionably,0.6,0.1,0.2
unquestioned,0.6,0.1,0.2
unreliable,0.6,0.1,0.2
unrequited,-0.7,-0.4,-0.3
unresolved,0.2,0.5,0.3
unrest,-0.6,0.15,-0.4
unruly,-0.6,0.5,-0.1333
unsafe,-0.5,0.7,-0.5
unsatisfactory,-0.6,0.1,-0.4
unsatisfied,-0.65,-0.15,-0.35
unseat,-0.7,-0.4,-0.3
unsettled,-0.6,0.5,-0.1333
unsightly,-0.6,0.1,-0.4
unspeakable,-0.5,0.7,-0.5
unstable,-0.1,0.7,-0.3
unsteady,-0.5,0.7,-0.5
unsuccessful,-0.7,-0.4,-0.3
unsurpassed,0.275,0.475,0.125
unsuspecting,0.3,0.7,-0.1
unsympathetic,-0.7,0.7,0.5
unthinkable,-0.6,0.5,-0.1333
untidy,-0.6,0.1,-0.4
untie,0.8,0.6,0.5
untitled,-0.7,-0.4,-0.3
untold,0.2,0.5,0.3
untoward,-0.65,0.4,0.05
untrustworthy,-0.7,0.7,0.5
unverified,0.2,0.5,0.3
unwashed,-0.6,0.1,-0.4
unwavering,0.6,0.1,0.2
unwelcome,-0.7,-0.4,-0.3
unwell,-0.7,-0.4,-0.3
unworthy,-0.6,0.1,-0.4
upheaval,-0.6333,0.3333,-0.1
uphill,-0.15,0.6,-0.1
uplift,0.5333,0.4,0.3333
upright,0.6,0.1,0.2
uprising,-0.3333,0.6333,0.1
upset,-0.7,0.15,0.1
urgency,0.0,0.6333,-0.1
urgent,0.0,0.6333,-0.1
urn,-0.7,-0.4,-0.3
usher,0.6,0.1,0.2
usual,0.6,0.1,0.2
usurp,-0.7,0.7,0.5
usurped,-0.6,0.7,0.0
utopian,0.5333,0.4,0.3333
vacation,0.5,0.55,0.4
vacuous,-0.6,0.1,-0.4
vainly,-0.65,-0.15,-0.35
validity,-0.5,0.7,-0.5
valor,0.6,0.1,0.2
vampire,-0.6,0.5,-0.1333
vanish,0.3,0.7,-0.1
vanished,-0.3,0.3333,-0.3
variable,0.3,0.7,-0.1
varicella,-0.6,0.1333,-0.4
veal,-0.05,-0.15,-0.05
veer,-0.1,0.7,-0.3
vegetative,-0.65,-0.15,-0.35
vehement,-0.6,0.7,0.0
vendetta,-0.6333,0.3333,-0.1
venerable,0.5333,0.4,0.3333
vengeance,-0.7,0.7,0.5
vengeful,-0.6,0.7,0.0
venom,-0.6,0.5,-0.1333
venomous,-0.6,0.5,-0.1333
vent,-0.7,0.7,0.5
veracity,0.475,0.475,0.225
verdict,-0.5,0.7,-0.5
verge,-0.15,0.6,-0.1
verification,0.6,0.1,0.2
verified,0.6,0.1,0.2
verily,0.6,0.1,0.2
vermin,-0.6,0.5,-0.1333
vernal,0.8,0.6,0.5
versus,-0.7,0.7,0.5
vertigo,-0.5,0.7,-0.5
vesicular,-0.6,0.1,-0.4
veteran,0.6,0.1,0.2
veto,-0.7,0.7,0.5
vicar,0.6,0.1,0.2
vicious,-0.65,0.4,0.05
victim,-0.6333,0.3333,-0.1
victimized,-0.44,0.36,-0.16
victor,0.8,0.6,0.5
victorious,0.8,0.6,0.5
victory,0.5333,0.4,0.3333
vigil,0.2,0.5,0.3
vigilance,0.4,0.3,0.25
vigilant,0.05,0.4,-0.15
vigorous,0.6,0.1,0.2
villager,0.6,0.1,0.2
villain,-0.5,0.7,-0.5
villainous,-0.6,0.5,-0.1333
vindicate,-0.7,0.7,0.5
vindication,0.5333,0.4,0.3333
vindictive,-0.65,0.4,0.05
violation,-0.4,0.425,-0.1
violence,-0.6333,0.3333,-0.1
violent,-0.375,0.55,-0.125
violently,-0.625,0.275,-0.175
viper,-0.5,0.7,-0.5
virgin,0.6,0.1,0.2
virginity,0.2,0.5,0.3
virtue,0.6,0.1,0.2
virtuous,0.7,0.35,0.35
virulence,-0.6,0.7,0.0
vision,0.2,0.5,0.3
visionary,0.5333,0.4,0.3333
visitor,0.5,0.55,0.4
visor,0.25,0.6,0.1
vitality,0.7,0.35,0.35
vivacious,0.8,0.6,0.5
vivid,0.8,0.6,0.5
volatility,-0.175,0.65,0.05
volcano,-0.1,0.7,-0.3
volunteer,0.275,0.475,0.125
volunteers,0.6,0.1,0.2
voluptuous,0.5,0.55,0.4
vomit,-0.6,0.1,-0.4
vote,0.0833,0.3667,0.1833
votive,0.6,0.1,0.2
vouch,0.6,0.1,0.2
voucher,0.6,0.1,0.2
vow,0.5333,0.4,0.3333
voyage,0.2,0.5,0.3
vulgar,-0.6,0.1,-0.4
vulgarity,-0.6667,0.1333,-0.0667
vulnerability,-0.6,0.15,-0.4
vulture,-0.55,0.4,-0.45
waffle,-0.7,0.15,0.1
wages,0.8,0.6,0.5
wail,-0.6,0.15,-0.4
wait,0.2,0.5,0.3
wallow,-0.65,-0.15,-0.35
wan,-0.6,0.15,-0.4
wane,-0.7,-0.4,-0.3
wanting,-0.7,-0.4,-0.3
war,-0.5,0.7,-0.5
warden,-0.2,0.5,0.0667
ware,-0.5,0.7,-0.5
warfare,-0.6333,0.3333,-0.1
warlike,-0.6,0.7,0.0
warlock,-0.5,0.7,-0.5
warn,0.15,0.5,-0.025
warned,0.0,0.6333,-0.1
warning,-0.5,0.7,-0.5
warp,-0.7,0.15,0.1
warranty,0.6,0.1,0.2
warrior,-0.6,0.7,0.0
wart,-0.6,0.1,-0.4
wary,-0.5,0.7,-0.5
waste,-0.6,0.1,-0.4
wasted,-0.65,0.4,0.05
wasteful,-0.6667,0.1333,-0.0667
wasting,-0.6,0.1333,-0.4
watch,-0.15,0.6,-0.1
watchdog,0.6,0.1,0.2
watchful,0.6,0.1,0.2
watchman,0.6,0.1,0.2
waver,-0.5,0.7,-0.5
weakly,-0.6,0.15,-0.4
wealth,0.7,0.35,0.35
wear,0.6,0.1,0.2
wearily,-0.7,-0.4,-0.3
weariness,-0.7,-0.4,-0.3
weary,-0.7,-0.4,-0.3
weeds,-0.7,-0.4,-0.3
weep,-0.7,-0.4,-0.3
weeping,-0.7,-0.4,-0.3
weigh,0.4,0.3,0.25
weight,0.0143,0.3286,-0.0429
weighty,-0.5,0.7,-0.5
weird,-0.6,0.1,-0.4
weirdo,-0.5,0.7,-0.5
welcomed,0.8,0.6,0.5
wench,-0.65,0.4,0.05
whim,0.4333,0.6,0.2333
whimper,-0.6,0.15,-0.4
whimsical,0.8,0.6,0.5
whine,-0.65,-0.15,-0.35
whip,-0.7,0.7,0.5
whirlpool,-0.5,0.7,-0.5
whirlwind,-0.5,0.7,-0.5
white,0.5333,0.4,0.3333
whiteness,0.8,0.6,0.5
wholesome,0.6,0.1,0.2
whore,-0.6,0.1,-0.4
wicked,-0.5,0.7,-0.5
wickedness,-0.6,0.1,-0.4
widow,-0.7,-0.4,-0.3
widower,-0.7,-0.4,-0.3
wild,0.3,0.7,-0.1
wilderness,-0.3333,0.2667,-0.1667
wildfire,-0.3,0.3333,-0.3
willful,-0.7,0.15,0.1
wimp,-0.55,0.4,-0.45
wimpy,-0.625,0.275,-0.175
wince,-0.625,0.275,-0.175
winner,0.4333,0.6,0.2333
winning,0.1,0.2667,0.0333
winnings,0.5,0.55,0.4
wireless,-0.0667,0.6333,0.2333
wisdom,0.6,0.1,0.2
wishful,0.2,0.5,0.3
witch,-0.6,0.5,-0.1333
witchcraft,-0.6333,0.3333,-0.1
withdraw,-0.7,-0.4,-0.3
wither,-0.7,-0.4,-0.3
withered,-0.6,0.1,-0.4
withstand,-0.15,0.6,-0.1
witness,0.6,0.1,0.2
witty,0.8,0.6,0.5
wizard,0.25,0.6,0.1
woe,-0.6,0.1333,-0.4
woeful,-0.7,-0.4,-0.3
woefully,-0.65,-0.15,-0.35
wonderful,0.5667,0.4667,0.2
wonderfully,0.55,0.65,0.2
wont,0.2,0.5,0.3
wop,-0.7,0.7,0.5
word,0.6,0.1,0.2
words,-0.7,0.7,0.5
worm,0.25,0.6,0.1
worn,-0.7,-0.4,-0.3
worried,-0.7,-0.4,-0.3
worry,-0.3333,0.2667,-0.1667
worrying,-0.3333,0.2667,-0.1667
worse,-0.6,0.15,-0.4
worsening,-0.65,-0.15,-0.35
worship,0.275,0.475,0.125
worthless,-0.6667,0.1333,-0.0667
worthy,0.6,0.1,0.2
wot,0.6,0.1,0.2
wound,-0.6333,0.3333,-0.1
wrangling,-0.625,0.275,-0.175
wrath,-0.6,0.7,0.0
wreak,-0.7,0.7,0.5
wreck,-0.44,0.36,-0.16
wrecked,-0.6333,0.3333,-0.1
wretch,-0.6667,0.1333,-0.0667
wretched,-0.65,-0.15,-0.35
wring,-0.7,0.7,0.5
wrinkled,-0.7,-0.4,-0.3
wrongdoing,-0.6667,0.1333,-0.0667
wrongful,-0.6667,0.1333,-0.0667
wrongly,-0.6333,0.3333,-0.1
xenophobia,-0.5,0.7,-0.5
yearning,0.5333,0.4,0.3333
yell,-0.3,0.7,-0.0333
yelp,-0.3,0.7,-0.0333
young,0.4333,0.6,0.2333
youth,0.02,0.64,0.14
zany,0.3,0.7,-0.1
zeal,0.475,0.475,0.225
zealous,0.7,0.35,0.35
zest,0.5333,0.4,0.3333
